Park2000,parkCode,RecreationalVisits2000,NonRecreationalVisits2000,TotalVisits2000,RecreationVisitorHours2000,NonRecreationVisitorHours2000,VisitorDays2000,ConcessionerLodging2000,ConcessionerCamping2000,TentOvernights2000,RecreationVehicleOvernights2000,BackcountryOvernights2000,MiscellaneousOvernights20000,NonRecreationOvernights2000,TotalRecreationVisits2000,TotalNonRecreationVisits2000,SumOfTotalVisits2000,TotalRecreationVisitorHours2000,TotalNonRecreationVisitorHours2000,TotalVisitorDays2000,TotalConcessionerLodging2000,TotalConcessionerCamping2000,TotalTentOvernights2000,TotalRecreationVehicleOvernights2000,TotalBackcountryOvernights2000,TotalMiscellaneousOvernights2000,TotalNonRecreationOvernights2000
Abraham Lincoln Birthplace NHP,ABLI,"239,298",0,"239,298","239,298",0,"19,941",0,0,0,0,0,0,0,"286,618,040","145,834,303","432,452,343","1,279,572,043","79,406,052","106,631,003","3,677,638","1,014,293","3,443,094","2,564,236","1,941,751","2,881,548","363,652"
Acadia NP,ACAD,"2,500,229","252,576","2,752,805","13,416,625","252,576","1,118,052",0,0,"113,502","22,716",0,"9,122",0,"286,618,040","145,834,303","432,452,343","1,279,572,043","79,406,052","106,631,003","3,677,638","1,014,293","3,443,094","2,564,236","1,941,751","2,881,548","363,652"
Adams NHP,ADAM,"84,593","1,160","85,753","76,875",583,"6,406",0,0,0,0,0,0,0,"286,618,040","145,834,303","432,452,343","1,279,572,043","79,406,052","106,631,003","3,677,638","1,014,293","3,443,094","2,564,236","1,941,751","2,881,548","363,652"
Agate Fossil Beds NM,AGFO,"18,031",0,"18,031","43,628",0,"3,635",0,0,0,0,0,0,0,"286,618,040","145,834,303","432,452,343","1,279,572,043","79,406,052","106,631,003","3,677,638","1,014,293","3,443,094","2,564,236","1,941,751","2,881,548","363,652"
Alibates Flint Quarries NM,ALFL,"3,052",0,"3,052","7,633",0,636,0,0,0,0,0,0,0,"286,618,040","145,834,303","432,452,343","1,279,572,043","79,406,052","106,631,003","3,677,638","1,014,293","3,443,094","2,564,236","1,941,751","2,881,548","363,652"
Allegheny Portage Railroad NHS,ALPO,"138,637",180,"138,817","145,862",48,"12,155",0,0,0,0,0,0,0,"286,618,040","145,834,303","432,452,343","1,279,572,043","79,406,052","106,631,003","3,677,638","1,014,293","3,443,094","2,564,236","1,941,751","2,881,548","363,652"
Amistad NRA,AMIS,"1,250,490","1,128","1,251,618","9,450,563","1,128","787,546",0,0,"3,352","15,646","7,061",775,0,"286,618,040","145,834,303","432,452,343","1,279,572,043","79,406,052","106,631,003","3,677,638","1,014,293","3,443,094","2,564,236","1,941,751","2,881,548","363,652"
Andersonville NHS,ANDE,"170,625",0,"170,625","341,250",0,"28,437",0,0,0,0,0,0,0,"286,618,040","145,834,303","432,452,343","1,279,572,043","79,406,052","106,631,003","3,677,638","1,014,293","3,443,094","2,564,236","1,941,751","2,881,548","363,652"
Andrew Johnson NHS,ANJO,"59,515",0,"59,515","34,084",0,"2,840",0,0,0,0,0,0,0,"286,618,040","145,834,303","432,452,343","1,279,572,043","79,406,052","106,631,003","3,677,638","1,014,293","3,443,094","2,564,236","1,941,751","2,881,548","363,652"
Aniakchak NM & PRES,ANIA,266,77,343,"16,674","2,200","1,389",0,0,0,0,657,0,66,"286,618,040","145,834,303","432,452,343","1,279,572,043","79,406,052","106,631,003","3,677,638","1,014,293","3,443,094","2,564,236","1,941,751","2,881,548","363,652"
Antietam NB,ANTI,"291,145",0,"291,145","668,540",0,"55,711",0,0,0,0,0,775,0,"286,618,040","145,834,303","432,452,343","1,279,572,043","79,406,052","106,631,003","3,677,638","1,014,293","3,443,094","2,564,236","1,941,751","2,881,548","363,652"
Apostle Islands NL,APIS,"182,315","1,054","183,369","957,136",267,"79,761",0,0,0,0,"18,445","16,493",0,"286,618,040","145,834,303","432,452,343","1,279,572,043","79,406,052","106,631,003","3,677,638","1,014,293","3,443,094","2,564,236","1,941,751","2,881,548","363,652"
Appomattox Court House NHP,APCO,"194,983",0,"194,983","161,497",0,"13,458",0,0,0,0,0,0,0,"286,618,040","145,834,303","432,452,343","1,279,572,043","79,406,052","106,631,003","3,677,638","1,014,293","3,443,094","2,564,236","1,941,751","2,881,548","363,652"
Arches NP,ARCH,"799,898",0,"799,898","3,582,648",0,"298,554",0,0,"28,887","15,255",656,"4,492",0,"286,618,040","145,834,303","432,452,343","1,279,572,043","79,406,052","106,631,003","3,677,638","1,014,293","3,443,094","2,564,236","1,941,751","2,881,548","363,652"
Arkansas Post NMEM,ARPO,"45,426",0,"45,426","68,160",0,"5,680",0,0,0,0,0,1,0,"286,618,040","145,834,303","432,452,343","1,279,572,043","79,406,052","106,631,003","3,677,638","1,014,293","3,443,094","2,564,236","1,941,751","2,881,548","363,652"
Arlington House The R.E. Lee MEM,ARHO,"356,110",0,"356,110","178,060",0,"14,838",0,0,0,0,0,0,0,"286,618,040","145,834,303","432,452,343","1,279,572,043","79,406,052","106,631,003","3,677,638","1,014,293","3,443,094","2,564,236","1,941,751","2,881,548","363,652"
Assateague Island NS,ASIS,"1,803,138","3,600","1,806,738","15,929,086","3,600","1,327,423",0,0,"52,407","18,231","2,257","14,129",0,"286,618,040","145,834,303","432,452,343","1,279,572,043","79,406,052","106,631,003","3,677,638","1,014,293","3,443,094","2,564,236","1,941,751","2,881,548","363,652"
Aztec Ruins NM,AZRU,"53,245",854,"54,099","79,871","1,669","6,655",0,0,0,0,0,0,0,"286,618,040","145,834,303","432,452,343","1,279,572,043","79,406,052","106,631,003","3,677,638","1,014,293","3,443,094","2,564,236","1,941,751","2,881,548","363,652"
Badlands NP,BADL,"1,107,053","18,864","1,125,917","4,983,471","9,432","415,289","8,447",0,"30,654","15,359","1,038",0,0,"286,618,040","145,834,303","432,452,343","1,279,572,043","79,406,052","106,631,003","3,677,638","1,014,293","3,443,094","2,564,236","1,941,751","2,881,548","363,652"
Bandelier NM,BAND,"273,857",840,"274,697","1,044,728",132,"87,060",0,0,"6,055","2,930","1,957","2,403",0,"286,618,040","145,834,303","432,452,343","1,279,572,043","79,406,052","106,631,003","3,677,638","1,014,293","3,443,094","2,564,236","1,941,751","2,881,548","363,652"
Bent's Old Fort NHS,BEOL,"32,784",0,"32,784","57,374",0,"4,781",0,0,0,0,0,0,0,"286,618,040","145,834,303","432,452,343","1,279,572,043","79,406,052","106,631,003","3,677,638","1,014,293","3,443,094","2,564,236","1,941,751","2,881,548","363,652"
Bering Land Bridge NPRES,BELA,"3,025","4,050","7,075","9,075","32,400",756,0,0,0,0,0,0,0,"286,618,040","145,834,303","432,452,343","1,279,572,043","79,406,052","106,631,003","3,677,638","1,014,293","3,443,094","2,564,236","1,941,751","2,881,548","363,652"
Big Bend NP,BIBE,"278,139","2,364","280,503","8,100,036","7,092","675,003","45,990","10,906","36,658","34,987","36,898","32,993",0,"286,618,040","145,834,303","432,452,343","1,279,572,043","79,406,052","106,631,003","3,677,638","1,014,293","3,443,094","2,564,236","1,941,751","2,881,548","363,652"
Big Cypress NPRES,BICY,"521,887",0,"521,887","1,622,904",0,"135,242",0,0,"4,799","13,891","10,289",0,0,"286,618,040","145,834,303","432,452,343","1,279,572,043","79,406,052","106,631,003","3,677,638","1,014,293","3,443,094","2,564,236","1,941,751","2,881,548","363,652"
Big Hole NB,BIHO,"40,650",0,"40,650","55,583",0,"4,631",0,0,0,0,0,0,0,"286,618,040","145,834,303","432,452,343","1,279,572,043","79,406,052","106,631,003","3,677,638","1,014,293","3,443,094","2,564,236","1,941,751","2,881,548","363,652"
Big South Fork NRRA,BISO,"865,343",0,"865,343","6,131,530",0,"510,960","16,788",0,"12,912","25,188","6,031","3,872",0,"286,618,040","145,834,303","432,452,343","1,279,572,043","79,406,052","106,631,003","3,677,638","1,014,293","3,443,094","2,564,236","1,941,751","2,881,548","363,652"
Big Thicket NPRES,BITH,"64,493",0,"64,493","233,869",0,"19,489",0,0,0,0,"1,551",0,0,"286,618,040","145,834,303","432,452,343","1,279,572,043","79,406,052","106,631,003","3,677,638","1,014,293","3,443,094","2,564,236","1,941,751","2,881,548","363,652"
Bighorn Canyon NRA,BICA,"238,579","6,900","245,479","934,946","3,455","77,912",0,0,"4,601","9,788",580,0,0,"286,618,040","145,834,303","432,452,343","1,279,572,043","79,406,052","106,631,003","3,677,638","1,014,293","3,443,094","2,564,236","1,941,751","2,881,548","363,652"
Biscayne NP,BISC,"389,176",0,"389,176","1,167,528",0,"97,294",0,0,0,0,0,0,0,"286,618,040","145,834,303","432,452,343","1,279,572,043","79,406,052","106,631,003","3,677,638","1,014,293","3,443,094","2,564,236","1,941,751","2,881,548","363,652"
Black Canyon of the Gunnison NP,BLCA,"199,155",0,"199,155","1,011,603",0,"84,300",0,0,"7,343","3,847","2,392",0,0,"286,618,040","145,834,303","432,452,343","1,279,572,043","79,406,052","106,631,003","3,677,638","1,014,293","3,443,094","2,564,236","1,941,751","2,881,548","363,652"
Blue Ridge PKWY,BLRI,"19,399,689","1,942,260","21,341,949","120,608,166","971,136","10,050,680","58,792","12,552","53,405","42,751","6,624","1,294",0,"286,618,040","145,834,303","432,452,343","1,279,572,043","79,406,052","106,631,003","3,677,638","1,014,293","3,443,094","2,564,236","1,941,751","2,881,548","363,652"
Bluestone NSR,BLUE,"52,212",0,"52,212","130,533",0,"10,877",0,0,0,0,0,0,0,"286,618,040","145,834,303","432,452,343","1,279,572,043","79,406,052","106,631,003","3,677,638","1,014,293","3,443,094","2,564,236","1,941,751","2,881,548","363,652"
Booker T. Washington NM,BOWA,"21,453",84,"21,537","44,553",12,"3,712",0,0,0,0,0,0,0,"286,618,040","145,834,303","432,452,343","1,279,572,043","79,406,052","106,631,003","3,677,638","1,014,293","3,443,094","2,564,236","1,941,751","2,881,548","363,652"
Boston African American NHS,BOAF,"392,979",0,"392,979","128,068",0,"10,672",0,0,0,0,0,0,0,"286,618,040","145,834,303","432,452,343","1,279,572,043","79,406,052","106,631,003","3,677,638","1,014,293","3,443,094","2,564,236","1,941,751","2,881,548","363,652"
Boston NHP,BOST,"2,465,418","65,520","2,530,938","2,900,680","11,140","241,723",0,0,0,0,0,0,0,"286,618,040","145,834,303","432,452,343","1,279,572,043","79,406,052","106,631,003","3,677,638","1,014,293","3,443,094","2,564,236","1,941,751","2,881,548","363,652"
Bryce Canyon NP,BRCA,"1,106,620","547,829","1,654,449","8,836,853","164,350","736,404","46,601",0,"39,209","61,952","2,270","1,914",0,"286,618,040","145,834,303","432,452,343","1,279,572,043","79,406,052","106,631,003","3,677,638","1,014,293","3,443,094","2,564,236","1,941,751","2,881,548","363,652"
Buffalo NR,BUFF,"745,790",0,"745,790","5,932,432",0,"494,369","6,121",0,"66,504","18,899","37,770","14,001",0,"286,618,040","145,834,303","432,452,343","1,279,572,043","79,406,052","106,631,003","3,677,638","1,014,293","3,443,094","2,564,236","1,941,751","2,881,548","363,652"
Cabrillo NM,CABR,"1,172,084","81,794","1,253,878","1,707,189","20,448","142,265",0,0,0,0,0,0,0,"286,618,040","145,834,303","432,452,343","1,279,572,043","79,406,052","106,631,003","3,677,638","1,014,293","3,443,094","2,564,236","1,941,751","2,881,548","363,652"
Canaveral NS,CANA,"1,070,624",0,"1,070,624","2,729,920",0,"227,493",0,0,0,0,"2,662",0,0,"286,618,040","145,834,303","432,452,343","1,279,572,043","79,406,052","106,631,003","3,677,638","1,014,293","3,443,094","2,564,236","1,941,751","2,881,548","363,652"
Canyon de Chelly NM,CACH,"850,508","1,220,664","2,071,172","6,179,004","2,441,328","514,917","34,506",0,"21,123","30,126","1,344","2,564",0,"286,618,040","145,834,303","432,452,343","1,279,572,043","79,406,052","106,631,003","3,677,638","1,014,293","3,443,094","2,564,236","1,941,751","2,881,548","363,652"
Canyonlands NP,CANY,"408,231",0,"408,231","4,254,834",0,"354,569",0,0,"21,907","7,231","70,668","7,764",0,"286,618,040","145,834,303","432,452,343","1,279,572,043","79,406,052","106,631,003","3,677,638","1,014,293","3,443,094","2,564,236","1,941,751","2,881,548","363,652"
Cape Cod NS,CACO,"4,606,912","29,548","4,636,460","9,093,510","177,288","757,792","4,632",0,0,0,0,"20,617",0,"286,618,040","145,834,303","432,452,343","1,279,572,043","79,406,052","106,631,003","3,677,638","1,014,293","3,443,094","2,564,236","1,941,751","2,881,548","363,652"
Cape Hatteras NS,CAHA,"2,610,906","135,553","2,746,459","12,048,924","455,259","1,004,077",0,0,"57,042","28,219",0,"3,240","1,844","286,618,040","145,834,303","432,452,343","1,279,572,043","79,406,052","106,631,003","3,677,638","1,014,293","3,443,094","2,564,236","1,941,751","2,881,548","363,652"
Cape Krusenstern NM,CAKR,"2,026","6,550","8,576","4,566","52,400",380,0,0,0,0,0,0,200,"286,618,040","145,834,303","432,452,343","1,279,572,043","79,406,052","106,631,003","3,677,638","1,014,293","3,443,094","2,564,236","1,941,751","2,881,548","363,652"
Cape Lookout NS,CALO,"510,006","4,800","514,806","2,255,296","14,400","187,941","24,768",0,0,0,"9,051",591,0,"286,618,040","145,834,303","432,452,343","1,279,572,043","79,406,052","106,631,003","3,677,638","1,014,293","3,443,094","2,564,236","1,941,751","2,881,548","363,652"
Capitol Reef NP,CARE,"629,306","71,720","701,026","1,168,917","71,720","97,409",0,0,"17,736","20,208","2,735","1,821",0,"286,618,040","145,834,303","432,452,343","1,279,572,043","79,406,052","106,631,003","3,677,638","1,014,293","3,443,094","2,564,236","1,941,751","2,881,548","363,652"
Capulin Volcano NM,CAVO,"62,541",415,"62,956","87,778",415,"7,314",0,0,0,0,0,0,0,"286,618,040","145,834,303","432,452,343","1,279,572,043","79,406,052","106,631,003","3,677,638","1,014,293","3,443,094","2,564,236","1,941,751","2,881,548","363,652"
Carl Sandburg Home NHS,CARL,"35,727",0,"35,727","46,270",0,"3,855",0,0,0,0,0,0,0,"286,618,040","145,834,303","432,452,343","1,279,572,043","79,406,052","106,631,003","3,677,638","1,014,293","3,443,094","2,564,236","1,941,751","2,881,548","363,652"
Carlsbad Caverns NP,CAVE,"481,809",0,"481,809","1,893,169",0,"157,764",0,0,0,0,133,0,0,"286,618,040","145,834,303","432,452,343","1,279,572,043","79,406,052","106,631,003","3,677,638","1,014,293","3,443,094","2,564,236","1,941,751","2,881,548","363,652"
Casa Grande Ruins NM,CAGR,"128,797","2,160","130,957","109,478",216,"9,123",0,0,0,0,0,0,0,"286,618,040","145,834,303","432,452,343","1,279,572,043","79,406,052","106,631,003","3,677,638","1,014,293","3,443,094","2,564,236","1,941,751","2,881,548","363,652"
Castillo de San Marcos NM,CASA,"655,512",0,"655,512","491,636",0,"40,969",0,0,0,0,0,0,0,"286,618,040","145,834,303","432,452,343","1,279,572,043","79,406,052","106,631,003","3,677,638","1,014,293","3,443,094","2,564,236","1,941,751","2,881,548","363,652"
Castle Clinton NM,CACL,"4,644,312","8,350","4,652,662","2,344,657","15,208","195,388",0,0,0,0,0,0,0,"286,618,040","145,834,303","432,452,343","1,279,572,043","79,406,052","106,631,003","3,677,638","1,014,293","3,443,094","2,564,236","1,941,751","2,881,548","363,652"
Catoctin Mountain Park,CATO,"499,321","212,779","712,100","2,076,991","24,328","173,082",0,0,"8,155","1,691",144,"29,947",0,"286,618,040","145,834,303","432,452,343","1,279,572,043","79,406,052","106,631,003","3,677,638","1,014,293","3,443,094","2,564,236","1,941,751","2,881,548","363,652"
Cedar Breaks NM,CEBR,"566,292","51,941","618,233","1,189,590","103,882","99,132",0,0,"1,933","1,234",0,0,0,"286,618,040","145,834,303","432,452,343","1,279,572,043","79,406,052","106,631,003","3,677,638","1,014,293","3,443,094","2,564,236","1,941,751","2,881,548","363,652"
Chaco Culture NHP,CHCU,"87,288","6,423","93,711","764,652","6,423","63,721",0,0,"12,394","4,608",0,173,0,"286,618,040","145,834,303","432,452,343","1,279,572,043","79,406,052","106,631,003","3,677,638","1,014,293","3,443,094","2,564,236","1,941,751","2,881,548","363,652"
Chamizal NMEM,CHAM,"183,187","11,577","194,764","286,060","40,522","23,838",0,0,0,0,0,0,0,"286,618,040","145,834,303","432,452,343","1,279,572,043","79,406,052","106,631,003","3,677,638","1,014,293","3,443,094","2,564,236","1,941,751","2,881,548","363,652"
Channel Islands NP,CHIS,"523,905","27,676","551,581","5,255,809","664,224","437,984",0,0,0,0,"10,525","69,339","43,815","286,618,040","145,834,303","432,452,343","1,279,572,043","79,406,052","106,631,003","3,677,638","1,014,293","3,443,094","2,564,236","1,941,751","2,881,548","363,652"
Charles Pinckney NHS,CHPI,"23,014",0,"23,014","46,028",0,"3,835",0,0,0,0,0,0,0,"286,618,040","145,834,303","432,452,343","1,279,572,043","79,406,052","106,631,003","3,677,638","1,014,293","3,443,094","2,564,236","1,941,751","2,881,548","363,652"
Chattahoochee River NRA,CHAT,"2,779,337",0,"2,779,337","11,117,348",0,"926,445",0,0,0,0,0,0,0,"286,618,040","145,834,303","432,452,343","1,279,572,043","79,406,052","106,631,003","3,677,638","1,014,293","3,443,094","2,564,236","1,941,751","2,881,548","363,652"
Chesapeake & Ohio Canal NHP,CHOH,"2,729,740","11,880","2,741,620","5,924,148","11,880","493,679",0,0,"7,370",316,934,0,0,"286,618,040","145,834,303","432,452,343","1,279,572,043","79,406,052","106,631,003","3,677,638","1,014,293","3,443,094","2,564,236","1,941,751","2,881,548","363,652"
Chickamauga & Chattanooga NMP,CHCH,"871,332","7,462,101","8,333,433","1,645,674","1,119,314","137,139",0,0,0,0,0,"1,646",0,"286,618,040","145,834,303","432,452,343","1,279,572,043","79,406,052","106,631,003","3,677,638","1,014,293","3,443,094","2,564,236","1,941,751","2,881,548","363,652"
Chickasaw NRA,CHIC,"1,412,210","1,718,406","3,130,616","5,537,933","137,474","461,494",0,0,"46,695","26,239",0,"22,233",0,"286,618,040","145,834,303","432,452,343","1,279,572,043","79,406,052","106,631,003","3,677,638","1,014,293","3,443,094","2,564,236","1,941,751","2,881,548","363,652"
Chiricahua NM,CHIR,"93,458","3,482","96,940","437,967","1,161","36,497",0,0,"5,226","6,117",0,"1,427",0,"286,618,040","145,834,303","432,452,343","1,279,572,043","79,406,052","106,631,003","3,677,638","1,014,293","3,443,094","2,564,236","1,941,751","2,881,548","363,652"
Christiansted NHS,CHRI,"99,287",0,"99,287","52,079",0,"4,339",0,0,0,0,0,0,0,"286,618,040","145,834,303","432,452,343","1,279,572,043","79,406,052","106,631,003","3,677,638","1,014,293","3,443,094","2,564,236","1,941,751","2,881,548","363,652"
City of Rocks NRES,CIRO,"71,522",0,"71,522","250,351",0,"20,862",0,0,0,0,1,0,0,"286,618,040","145,834,303","432,452,343","1,279,572,043","79,406,052","106,631,003","3,677,638","1,014,293","3,443,094","2,564,236","1,941,751","2,881,548","363,652"
Clara Barton NHS,CLBA,"13,202",0,"13,202","13,202",0,"1,100",0,0,0,0,0,0,0,"286,618,040","145,834,303","432,452,343","1,279,572,043","79,406,052","106,631,003","3,677,638","1,014,293","3,443,094","2,564,236","1,941,751","2,881,548","363,652"
Colonial NHP,COLO,"3,133,647","2,143,534","5,277,181","3,480,652","1,071,771","290,054",0,0,0,0,0,0,0,"286,618,040","145,834,303","432,452,343","1,279,572,043","79,406,052","106,631,003","3,677,638","1,014,293","3,443,094","2,564,236","1,941,751","2,881,548","363,652"
Colorado NM,COLM,"281,393","297,416","578,809","873,232","148,709","72,769",0,0,"10,800","6,831",269,0,0,"286,618,040","145,834,303","432,452,343","1,279,572,043","79,406,052","106,631,003","3,677,638","1,014,293","3,443,094","2,564,236","1,941,751","2,881,548","363,652"
Congaree NP,CONG,"93,982",0,"93,982","313,466",0,"26,122",0,0,0,0,590,986,0,"286,618,040","145,834,303","432,452,343","1,279,572,043","79,406,052","106,631,003","3,677,638","1,014,293","3,443,094","2,564,236","1,941,751","2,881,548","363,652"
Coronado NMEM,CORO,"87,327","2,508","89,835","116,135","1,260","9,677",0,0,0,0,0,0,0,"286,618,040","145,834,303","432,452,343","1,279,572,043","79,406,052","106,631,003","3,677,638","1,014,293","3,443,094","2,564,236","1,941,751","2,881,548","363,652"
Cowpens NB,COWP,"209,234",0,"209,234","122,021",0,"10,168",0,0,0,0,0,87,0,"286,618,040","145,834,303","432,452,343","1,279,572,043","79,406,052","106,631,003","3,677,638","1,014,293","3,443,094","2,564,236","1,941,751","2,881,548","363,652"
Crater Lake NP,CRLA,"432,993","49,600","482,593","2,854,090","24,800","237,840","33,986","34,826","3,396",0,"1,514",0,0,"286,618,040","145,834,303","432,452,343","1,279,572,043","79,406,052","106,631,003","3,677,638","1,014,293","3,443,094","2,564,236","1,941,751","2,881,548","363,652"
Craters of the Moon NM & PRES,CRMO,"213,758",0,"213,758","609,041",0,"50,753",0,0,"5,389","6,371",125,570,0,"286,618,040","145,834,303","432,452,343","1,279,572,043","79,406,052","106,631,003","3,677,638","1,014,293","3,443,094","2,564,236","1,941,751","2,881,548","363,652"
Cumberland Gap NHP,CUGA,"1,519,504","6,635,846","8,155,350","2,533,246","3,317,927","211,103",0,0,"3,592","6,659","1,873","2,736",0,"286,618,040","145,834,303","432,452,343","1,279,572,043","79,406,052","106,631,003","3,677,638","1,014,293","3,443,094","2,564,236","1,941,751","2,881,548","363,652"
Cumberland Island NS,CUIS,"44,954",0,"44,954","777,542",0,"64,795",0,0,"12,603",0,"6,683",0,0,"286,618,040","145,834,303","432,452,343","1,279,572,043","79,406,052","106,631,003","3,677,638","1,014,293","3,443,094","2,564,236","1,941,751","2,881,548","363,652"
Curecanti NRA,CURE,"1,030,551",0,"1,030,551","4,890,933",0,"407,577",0,0,"20,204","60,388",64,"1,371",0,"286,618,040","145,834,303","432,452,343","1,279,572,043","79,406,052","106,631,003","3,677,638","1,014,293","3,443,094","2,564,236","1,941,751","2,881,548","363,652"
Cuyahoga Valley NP,CUVA,"3,265,035","6,896","3,271,931","10,051,723","3,448","837,643","2,454",0,0,0,0,"3,058",0,"286,618,040","145,834,303","432,452,343","1,279,572,043","79,406,052","106,631,003","3,677,638","1,014,293","3,443,094","2,564,236","1,941,751","2,881,548","363,652"
Dayton Aviation Heritage NHP,DAAV,"35,044",678,"35,722","70,088",678,"5,840",0,0,0,0,0,0,0,"286,618,040","145,834,303","432,452,343","1,279,572,043","79,406,052","106,631,003","3,677,638","1,014,293","3,443,094","2,564,236","1,941,751","2,881,548","363,652"
De Soto NMEM,DESO,"290,299",0,"290,299","478,995",0,"39,916",0,0,0,0,0,0,0,"286,618,040","145,834,303","432,452,343","1,279,572,043","79,406,052","106,631,003","3,677,638","1,014,293","3,443,094","2,564,236","1,941,751","2,881,548","363,652"
Death Valley NP,DEVA,"1,165,710","43,498","1,209,208","8,676,538","65,250","723,044","31,808","2,716","55,412","150,618",0,267,0,"286,618,040","145,834,303","432,452,343","1,279,572,043","79,406,052","106,631,003","3,677,638","1,014,293","3,443,094","2,564,236","1,941,751","2,881,548","363,652"
Delaware Water Gap NRA,DEWA,"4,889,233","178,215","5,067,448","21,970,072","89,110","1,830,839",0,"22,422",0,0,"43,675","20,262",0,"286,618,040","145,834,303","432,452,343","1,279,572,043","79,406,052","106,631,003","3,677,638","1,014,293","3,443,094","2,564,236","1,941,751","2,881,548","363,652"
Denali NP & PRES,DENA,"364,056","818,788","1,182,844","5,644,544","204,700","470,378","19,095",0,"30,169","37,262","32,596","2,002",0,"286,618,040","145,834,303","432,452,343","1,279,572,043","79,406,052","106,631,003","3,677,638","1,014,293","3,443,094","2,564,236","1,941,751","2,881,548","363,652"
Devils Postpile NM,DEPO,"156,206",0,"156,206","654,074",0,"54,506",0,0,"4,044","1,922",0,0,0,"286,618,040","145,834,303","432,452,343","1,279,572,043","79,406,052","106,631,003","3,677,638","1,014,293","3,443,094","2,564,236","1,941,751","2,881,548","363,652"
Devils Tower NM,DETO,"386,828","1,550","388,378","1,076,100",777,"89,675",0,0,"4,802","4,433",0,0,0,"286,618,040","145,834,303","432,452,343","1,279,572,043","79,406,052","106,631,003","3,677,638","1,014,293","3,443,094","2,564,236","1,941,751","2,881,548","363,652"
Dinosaur NM,DINO,"401,528",732,"402,260","2,293,969",732,"191,164",0,0,"17,184","8,136","31,152","3,767",0,"286,618,040","145,834,303","432,452,343","1,279,572,043","79,406,052","106,631,003","3,677,638","1,014,293","3,443,094","2,564,236","1,941,751","2,881,548","363,652"
Dry Tortugas NP,DRTO,"82,376","10,635","93,011","985,524","127,620","82,127",0,0,"6,237",0,0,"22,723","10,635","286,618,040","145,834,303","432,452,343","1,279,572,043","79,406,052","106,631,003","3,677,638","1,014,293","3,443,094","2,564,236","1,941,751","2,881,548","363,652"
Edgar Allan Poe NHS,EDAL,"6,054",0,"6,054","6,054",0,504,0,0,0,0,0,0,0,"286,618,040","145,834,303","432,452,343","1,279,572,043","79,406,052","106,631,003","3,677,638","1,014,293","3,443,094","2,564,236","1,941,751","2,881,548","363,652"
Effigy Mounds NM,EFMO,"77,657","1,200","78,857","194,146",204,"16,178",0,0,0,0,0,0,0,"286,618,040","145,834,303","432,452,343","1,279,572,043","79,406,052","106,631,003","3,677,638","1,014,293","3,443,094","2,564,236","1,941,751","2,881,548","363,652"
Eisenhower NHS,EISE,"75,179",0,"75,179","120,952",0,"10,079",0,0,0,0,0,0,0,"286,618,040","145,834,303","432,452,343","1,279,572,043","79,406,052","106,631,003","3,677,638","1,014,293","3,443,094","2,564,236","1,941,751","2,881,548","363,652"
El Malpais NM,ELMA,"70,413",720,"71,133","303,090",180,"25,257",0,0,0,0,"1,191",0,0,"286,618,040","145,834,303","432,452,343","1,279,572,043","79,406,052","106,631,003","3,677,638","1,014,293","3,443,094","2,564,236","1,941,751","2,881,548","363,652"
El Morro NM,ELMO,"71,107","14,520","85,627","179,948","4,792","14,995",0,0,"1,372",498,0,115,0,"286,618,040","145,834,303","432,452,343","1,279,572,043","79,406,052","106,631,003","3,677,638","1,014,293","3,443,094","2,564,236","1,941,751","2,881,548","363,652"
Eleanor Roosevelt NHS,ELRO,"75,389",0,"75,389","113,086",0,"9,423",0,0,0,0,0,0,0,"286,618,040","145,834,303","432,452,343","1,279,572,043","79,406,052","106,631,003","3,677,638","1,014,293","3,443,094","2,564,236","1,941,751","2,881,548","363,652"
Eugene O'Neill NHS,EUON,"3,515",184,"3,699","13,228",368,"1,102",0,0,0,0,0,0,0,"286,618,040","145,834,303","432,452,343","1,279,572,043","79,406,052","106,631,003","3,677,638","1,014,293","3,443,094","2,564,236","1,941,751","2,881,548","363,652"
Everglades NP,EVER,"958,846","66,200","1,025,046","5,832,369","297,903","486,030","40,008",0,"18,391","24,434","20,141","3,852",0,"286,618,040","145,834,303","432,452,343","1,279,572,043","79,406,052","106,631,003","3,677,638","1,014,293","3,443,094","2,564,236","1,941,751","2,881,548","363,652"
Federal Hall NMEM,FEHA,"240,816","3,144","243,960","142,580","4,290","11,881",0,0,0,0,0,0,0,"286,618,040","145,834,303","432,452,343","1,279,572,043","79,406,052","106,631,003","3,677,638","1,014,293","3,443,094","2,564,236","1,941,751","2,881,548","363,652"
Fire Island NS,FIIS,"578,834","214,914","793,748","2,217,125","644,742","184,760",0,0,"5,755",0,0,"42,075",0,"286,618,040","145,834,303","432,452,343","1,279,572,043","79,406,052","106,631,003","3,677,638","1,014,293","3,443,094","2,564,236","1,941,751","2,881,548","363,652"
Florissant Fossil Beds NM,FLFO,"82,941",0,"82,941","103,268",0,"8,605",0,0,0,0,0,0,0,"286,618,040","145,834,303","432,452,343","1,279,572,043","79,406,052","106,631,003","3,677,638","1,014,293","3,443,094","2,564,236","1,941,751","2,881,548","363,652"
Ford's Theatre NHS,FOTH,"1,156,909",420,"1,157,329","1,180,255",840,"98,354",0,0,0,0,0,0,0,"286,618,040","145,834,303","432,452,343","1,279,572,043","79,406,052","106,631,003","3,677,638","1,014,293","3,443,094","2,564,236","1,941,751","2,881,548","363,652"
Fort Bowie NHS,FOBO,"9,252",0,"9,252","18,504",0,"1,541",0,0,0,0,0,0,0,"286,618,040","145,834,303","432,452,343","1,279,572,043","79,406,052","106,631,003","3,677,638","1,014,293","3,443,094","2,564,236","1,941,751","2,881,548","363,652"
Fort Caroline NMEM,FOCA,"189,414",0,"189,414","189,414",0,"15,784",0,0,0,0,0,0,0,"286,618,040","145,834,303","432,452,343","1,279,572,043","79,406,052","106,631,003","3,677,638","1,014,293","3,443,094","2,564,236","1,941,751","2,881,548","363,652"
Fort Davis NHS,FODA,"57,014","1,743","58,757","85,525","4,467","7,127",0,0,0,0,0,0,0,"286,618,040","145,834,303","432,452,343","1,279,572,043","79,406,052","106,631,003","3,677,638","1,014,293","3,443,094","2,564,236","1,941,751","2,881,548","363,652"
Fort Donelson NB,FODO,"222,410","570,091","792,501","151,486","18,812","12,623",0,0,0,0,0,140,0,"286,618,040","145,834,303","432,452,343","1,279,572,043","79,406,052","106,631,003","3,677,638","1,014,293","3,443,094","2,564,236","1,941,751","2,881,548","363,652"
Fort Frederica NM,FOFR,"245,702","1,800","247,502","247,976",444,"20,664",0,0,0,0,0,0,0,"286,618,040","145,834,303","432,452,343","1,279,572,043","79,406,052","106,631,003","3,677,638","1,014,293","3,443,094","2,564,236","1,941,751","2,881,548","363,652"
Fort Laramie NHS,FOLA,"47,985",365,"48,350","67,864",551,"5,655",0,0,0,0,0,0,0,"286,618,040","145,834,303","432,452,343","1,279,572,043","79,406,052","106,631,003","3,677,638","1,014,293","3,443,094","2,564,236","1,941,751","2,881,548","363,652"
Fort Larned NHS,FOLS,"40,624",0,"40,624","81,248",0,"6,770",0,0,0,0,0,0,0,"286,618,040","145,834,303","432,452,343","1,279,572,043","79,406,052","106,631,003","3,677,638","1,014,293","3,443,094","2,564,236","1,941,751","2,881,548","363,652"
Fort Matanzas NM,FOMA,"628,184",0,"628,184","638,076",0,"53,173",0,0,0,0,0,0,0,"286,618,040","145,834,303","432,452,343","1,279,572,043","79,406,052","106,631,003","3,677,638","1,014,293","3,443,094","2,564,236","1,941,751","2,881,548","363,652"
Fort McHenry NM & HS,FOMC,"695,433",720,"696,153","1,043,154",360,"86,929",0,0,0,0,0,0,0,"286,618,040","145,834,303","432,452,343","1,279,572,043","79,406,052","106,631,003","3,677,638","1,014,293","3,443,094","2,564,236","1,941,751","2,881,548","363,652"
Fort Necessity NB,FONE,"84,613",120,"84,733","114,698",48,"9,558",0,0,0,0,0,0,0,"286,618,040","145,834,303","432,452,343","1,279,572,043","79,406,052","106,631,003","3,677,638","1,014,293","3,443,094","2,564,236","1,941,751","2,881,548","363,652"
Fort Point NHS,FOPO,"1,580,025",0,"1,580,025","934,444",0,"77,870",0,0,0,0,0,0,0,"286,618,040","145,834,303","432,452,343","1,279,572,043","79,406,052","106,631,003","3,677,638","1,014,293","3,443,094","2,564,236","1,941,751","2,881,548","363,652"
Fort Pulaski NM,FOPU,"359,018","28,800","387,818","902,373","7,200","75,197",0,0,0,0,0,268,0,"286,618,040","145,834,303","432,452,343","1,279,572,043","79,406,052","106,631,003","3,677,638","1,014,293","3,443,094","2,564,236","1,941,751","2,881,548","363,652"
Fort Raleigh NHS,FORA,"237,442","1,344","238,786","420,187","1,344","35,015",0,0,0,0,0,0,0,"286,618,040","145,834,303","432,452,343","1,279,572,043","79,406,052","106,631,003","3,677,638","1,014,293","3,443,094","2,564,236","1,941,751","2,881,548","363,652"
Fort Scott NHS,FOSC,"38,855",854,"39,709","58,290",279,"4,857",0,0,0,0,0,0,0,"286,618,040","145,834,303","432,452,343","1,279,572,043","79,406,052","106,631,003","3,677,638","1,014,293","3,443,094","2,564,236","1,941,751","2,881,548","363,652"
Fort Smith NHS,FOSM,"50,396",0,"50,396","67,027",0,"5,585",0,0,0,0,0,0,0,"286,618,040","145,834,303","432,452,343","1,279,572,043","79,406,052","106,631,003","3,677,638","1,014,293","3,443,094","2,564,236","1,941,751","2,881,548","363,652"
Fort Stanwix NM,FOST,"40,102",0,"40,102","60,156",0,"5,013",0,0,0,0,0,0,0,"286,618,040","145,834,303","432,452,343","1,279,572,043","79,406,052","106,631,003","3,677,638","1,014,293","3,443,094","2,564,236","1,941,751","2,881,548","363,652"
Fort Sumter and Fort Moultrie NHP,FOSU,"314,742",0,"314,742","708,289",0,"59,024",0,0,0,0,0,0,0,"286,618,040","145,834,303","432,452,343","1,279,572,043","79,406,052","106,631,003","3,677,638","1,014,293","3,443,094","2,564,236","1,941,751","2,881,548","363,652"
Fort Union NM,FOUN,"14,285",530,"14,815","16,857",42,"1,404",0,0,0,0,0,0,0,"286,618,040","145,834,303","432,452,343","1,279,572,043","79,406,052","106,631,003","3,677,638","1,014,293","3,443,094","2,564,236","1,941,751","2,881,548","363,652"
Fort Union Trading Post NHS,FOUS,"19,761",582,"20,343","23,850",147,"1,987",0,0,0,0,0,0,0,"286,618,040","145,834,303","432,452,343","1,279,572,043","79,406,052","106,631,003","3,677,638","1,014,293","3,443,094","2,564,236","1,941,751","2,881,548","363,652"
Fort Vancouver NHS,FOVA,"376,650",0,"376,650","503,129",0,"41,927",0,0,0,0,0,0,0,"286,618,040","145,834,303","432,452,343","1,279,572,043","79,406,052","106,631,003","3,677,638","1,014,293","3,443,094","2,564,236","1,941,751","2,881,548","363,652"
Fort Washington Park,FOWA,"267,925",0,"267,925","1,051,080",0,"87,589",0,0,0,0,0,0,0,"286,618,040","145,834,303","432,452,343","1,279,572,043","79,406,052","106,631,003","3,677,638","1,014,293","3,443,094","2,564,236","1,941,751","2,881,548","363,652"
Fossil Butte NM,FOBU,"22,176",481,"22,657","34,557",122,"2,879",0,0,0,0,0,0,0,"286,618,040","145,834,303","432,452,343","1,279,572,043","79,406,052","106,631,003","3,677,638","1,014,293","3,443,094","2,564,236","1,941,751","2,881,548","363,652"
Franklin Delano Roosevelt MEM,FRDE,"3,038,114",0,"3,038,114","1,520,559",0,"126,713",0,0,0,0,0,0,0,"286,618,040","145,834,303","432,452,343","1,279,572,043","79,406,052","106,631,003","3,677,638","1,014,293","3,443,094","2,564,236","1,941,751","2,881,548","363,652"
Frederick Douglass NHS,FRDO,"33,560",0,"33,560","30,819",0,"2,568",0,0,0,0,0,0,0,"286,618,040","145,834,303","432,452,343","1,279,572,043","79,406,052","106,631,003","3,677,638","1,014,293","3,443,094","2,564,236","1,941,751","2,881,548","363,652"
Frederick Law Olmsted NHS,FRLA,"6,851",147,"6,998","13,702",444,"1,141",0,0,0,0,0,0,0,"286,618,040","145,834,303","432,452,343","1,279,572,043","79,406,052","106,631,003","3,677,638","1,014,293","3,443,094","2,564,236","1,941,751","2,881,548","363,652"
Fredericksburg & Spotsylvania NMP,FRSP,"491,156","1,145,756","1,636,912","673,863","203,238","56,155",0,0,0,0,0,0,0,"286,618,040","145,834,303","432,452,343","1,279,572,043","79,406,052","106,631,003","3,677,638","1,014,293","3,443,094","2,564,236","1,941,751","2,881,548","363,652"
Friendship Hill NHS,FRHI,"28,565",0,"28,565","63,138",0,"5,261",0,0,0,0,0,0,0,"286,618,040","145,834,303","432,452,343","1,279,572,043","79,406,052","106,631,003","3,677,638","1,014,293","3,443,094","2,564,236","1,941,751","2,881,548","363,652"
Gates of the Arctic NP & PRES,GAAR,"11,431",702,"12,133","5,718","25,416",476,0,0,0,0,0,0,477,"286,618,040","145,834,303","432,452,343","1,279,572,043","79,406,052","106,631,003","3,677,638","1,014,293","3,443,094","2,564,236","1,941,751","2,881,548","363,652"
Gateway Arch NP,JEFF,"3,514,866","576,018","4,090,884","14,059,464","97,922","1,171,622",0,0,0,0,0,0,0,"286,618,040","145,834,303","432,452,343","1,279,572,043","79,406,052","106,631,003","3,677,638","1,014,293","3,443,094","2,564,236","1,941,751","2,881,548","363,652"
Gateway NRA,GATE,"7,896,198","1,242,684","9,138,882","24,848,810","2,485,368","2,070,734",0,0,0,0,0,"6,259",0,"286,618,040","145,834,303","432,452,343","1,279,572,043","79,406,052","106,631,003","3,677,638","1,014,293","3,443,094","2,564,236","1,941,751","2,881,548","363,652"
Gauley River NRA,GARI,"237,770",0,"237,770","1,008,151",0,"84,012",0,0,"2,522","2,128",0,0,0,"286,618,040","145,834,303","432,452,343","1,279,572,043","79,406,052","106,631,003","3,677,638","1,014,293","3,443,094","2,564,236","1,941,751","2,881,548","363,652"
General Grant NMEM,GEGR,"120,047","2,862","122,909","78,098","4,910","6,508",0,0,0,0,0,0,0,"286,618,040","145,834,303","432,452,343","1,279,572,043","79,406,052","106,631,003","3,677,638","1,014,293","3,443,094","2,564,236","1,941,751","2,881,548","363,652"
George Rogers Clark NHP,GERO,"136,079",0,"136,079","182,345",0,"15,195",0,0,0,0,0,0,0,"286,618,040","145,834,303","432,452,343","1,279,572,043","79,406,052","106,631,003","3,677,638","1,014,293","3,443,094","2,564,236","1,941,751","2,881,548","363,652"
George Washington Birthplace NM,GEWA,"135,738","3,650","139,388","271,476","3,650","22,623",0,0,0,0,0,0,0,"286,618,040","145,834,303","432,452,343","1,279,572,043","79,406,052","106,631,003","3,677,638","1,014,293","3,443,094","2,564,236","1,941,751","2,881,548","363,652"
George Washington Carver NM,GWCA,"53,361",0,"53,361","69,369",0,"5,780",0,0,0,0,0,0,0,"286,618,040","145,834,303","432,452,343","1,279,572,043","79,406,052","106,631,003","3,677,638","1,014,293","3,443,094","2,564,236","1,941,751","2,881,548","363,652"
George Washington MEM PKWY,GWMP,"7,685,862","27,712,026","35,397,888","7,898,980","13,856,016","658,248",0,0,0,0,0,0,0,"286,618,040","145,834,303","432,452,343","1,279,572,043","79,406,052","106,631,003","3,677,638","1,014,293","3,443,094","2,564,236","1,941,751","2,881,548","363,652"
Gettysburg NMP,GETT,"1,553,690","74,400","1,628,090","4,778,296","12,348","398,191",0,0,0,0,0,"29,327",0,"286,618,040","145,834,303","432,452,343","1,279,572,043","79,406,052","106,631,003","3,677,638","1,014,293","3,443,094","2,564,236","1,941,751","2,881,548","363,652"
Gila Cliff Dwellings NM,GICL,"47,812",0,"47,812","47,812",0,"3,984",0,0,0,0,0,0,0,"286,618,040","145,834,303","432,452,343","1,279,572,043","79,406,052","106,631,003","3,677,638","1,014,293","3,443,094","2,564,236","1,941,751","2,881,548","363,652"
Glacier Bay NP & PRES,GLBA,"384,178",905,"385,083","5,244,762","154,716","437,063","16,776",0,971,0,"6,533","13,120","6,447","286,618,040","145,834,303","432,452,343","1,279,572,043","79,406,052","106,631,003","3,677,638","1,014,293","3,443,094","2,564,236","1,941,751","2,881,548","363,652"
Glacier NP,GLAC,"1,720,784","9,486","1,730,270","14,448,756","83,374","1,204,063","116,849",0,"94,140","74,429","25,054",0,0,"286,618,040","145,834,303","432,452,343","1,279,572,043","79,406,052","106,631,003","3,677,638","1,014,293","3,443,094","2,564,236","1,941,751","2,881,548","363,652"
Glen Canyon NRA,GLCA,"2,589,197","26,272","2,615,469","57,053,545","315,264","4,754,462","181,727","111,030","7,393","4,941","23,218","1,686,070",62,"286,618,040","145,834,303","432,452,343","1,279,572,043","79,406,052","106,631,003","3,677,638","1,014,293","3,443,094","2,564,236","1,941,751","2,881,548","363,652"
Golden Gate NRA,GOGA,"14,736,637",0,"14,736,637","22,915,950",0,"1,909,662","53,114",0,"3,182",0,"1,125","17,928",0,"286,618,040","145,834,303","432,452,343","1,279,572,043","79,406,052","106,631,003","3,677,638","1,014,293","3,443,094","2,564,236","1,941,751","2,881,548","363,652"
Golden Spike NHP,GOSP,"44,863","31,000","75,863","109,584","15,500","9,132",0,0,0,0,0,0,0,"286,618,040","145,834,303","432,452,343","1,279,572,043","79,406,052","106,631,003","3,677,638","1,014,293","3,443,094","2,564,236","1,941,751","2,881,548","363,652"
Grand Canyon NP,GRCA,"4,456,263","355,352","4,811,615","68,394,096","355,352","5,699,508","593,464","42,320","161,991","99,145","172,449","12,250",0,"286,618,040","145,834,303","432,452,343","1,279,572,043","79,406,052","106,631,003","3,677,638","1,014,293","3,443,094","2,564,236","1,941,751","2,881,548","363,652"
Grand Portage NM,GRPO,"91,439",0,"91,439","59,151",0,"4,929",0,0,0,0,91,0,0,"286,618,040","145,834,303","432,452,343","1,279,572,043","79,406,052","106,631,003","3,677,638","1,014,293","3,443,094","2,564,236","1,941,751","2,881,548","363,652"
Grand Teton NP,GRTE,"2,623,066","1,384,053","4,007,119","18,462,068","1,384,053","1,538,505","230,171","47,906","113,501","104,713","32,710","14,223",0,"286,618,040","145,834,303","432,452,343","1,279,572,043","79,406,052","106,631,003","3,677,638","1,014,293","3,443,094","2,564,236","1,941,751","2,881,548","363,652"
Grant-Kohrs Ranch NHS,GRKO,"20,830",0,"20,830","25,621",0,"2,135",0,0,0,0,0,0,0,"286,618,040","145,834,303","432,452,343","1,279,572,043","79,406,052","106,631,003","3,677,638","1,014,293","3,443,094","2,564,236","1,941,751","2,881,548","363,652"
Great Basin NP,GRBA,"81,492",0,"81,492","1,324,829",0,"110,402",0,0,"18,473","13,023",289,499,0,"286,618,040","145,834,303","432,452,343","1,279,572,043","79,406,052","106,631,003","3,677,638","1,014,293","3,443,094","2,564,236","1,941,751","2,881,548","363,652"
Great Sand Dunes NP & PRES,GRSA,"266,591",470,"267,061","1,484,503",470,"123,708",0,0,"18,983","11,392","1,371","3,678",0,"286,618,040","145,834,303","432,452,343","1,279,572,043","79,406,052","106,631,003","3,677,638","1,014,293","3,443,094","2,564,236","1,941,751","2,881,548","363,652"
Great Smoky Mountains NP,GRSM,"10,218,858","10,934,683","21,153,541","76,208,966","5,467,346","6,350,747","10,735",0,"180,350","130,341","84,881","24,449",0,"286,618,040","145,834,303","432,452,343","1,279,572,043","79,406,052","106,631,003","3,677,638","1,014,293","3,443,094","2,564,236","1,941,751","2,881,548","363,652"
Greenbelt Park,GREE,"167,390",0,"167,390","865,630",0,"72,135",0,0,"14,399","10,600",0,0,0,"286,618,040","145,834,303","432,452,343","1,279,572,043","79,406,052","106,631,003","3,677,638","1,014,293","3,443,094","2,564,236","1,941,751","2,881,548","363,652"
Guadalupe Mountains NP,GUMO,"206,301",0,"206,301","557,247",0,"46,437",0,0,"10,410","6,273","3,335","2,425",0,"286,618,040","145,834,303","432,452,343","1,279,572,043","79,406,052","106,631,003","3,677,638","1,014,293","3,443,094","2,564,236","1,941,751","2,881,548","363,652"
Guilford Courthouse NMP,GUCO,"791,366","4,161,869","4,953,235","414,870","34,541","34,572",0,0,0,0,0,0,0,"286,618,040","145,834,303","432,452,343","1,279,572,043","79,406,052","106,631,003","3,677,638","1,014,293","3,443,094","2,564,236","1,941,751","2,881,548","363,652"
Gulf Islands NS,GUIS,"4,577,780","121,782","4,699,562","13,594,589","92,292","1,132,882",0,0,"32,536","116,111","3,790","7,454","3,846","286,618,040","145,834,303","432,452,343","1,279,572,043","79,406,052","106,631,003","3,677,638","1,014,293","3,443,094","2,564,236","1,941,751","2,881,548","363,652"
Hagerman Fossil Beds NM,HAFO,"13,959",0,"13,959","20,941",0,"1,745",0,0,0,0,0,0,0,"286,618,040","145,834,303","432,452,343","1,279,572,043","79,406,052","106,631,003","3,677,638","1,014,293","3,443,094","2,564,236","1,941,751","2,881,548","363,652"
Haleakala NP,HALE,"1,857,727","29,088","1,886,815","4,320,302","20,532","360,025",0,0,"19,581",0,"2,412","3,209",0,"286,618,040","145,834,303","432,452,343","1,279,572,043","79,406,052","106,631,003","3,677,638","1,014,293","3,443,094","2,564,236","1,941,751","2,881,548","363,652"
Hamilton Grange NMEM,HAGR,"41,001",283,"41,284","33,216",566,"2,768",0,0,0,0,0,0,0,"286,618,040","145,834,303","432,452,343","1,279,572,043","79,406,052","106,631,003","3,677,638","1,014,293","3,443,094","2,564,236","1,941,751","2,881,548","363,652"
Hampton NHS,HAMP,"21,913",600,"22,513","22,313",600,"1,859",0,0,0,0,0,0,0,"286,618,040","145,834,303","432,452,343","1,279,572,043","79,406,052","106,631,003","3,677,638","1,014,293","3,443,094","2,564,236","1,941,751","2,881,548","363,652"
Harpers Ferry NHP,HAFE,"318,945",0,"318,945","1,275,780",0,"106,315",0,0,0,0,0,0,0,"286,618,040","145,834,303","432,452,343","1,279,572,043","79,406,052","106,631,003","3,677,638","1,014,293","3,443,094","2,564,236","1,941,751","2,881,548","363,652"
Harry S Truman NHS,HSTR,"44,301",0,"44,301","38,852",0,"3,237",0,0,0,0,0,0,0,"286,618,040","145,834,303","432,452,343","1,279,572,043","79,406,052","106,631,003","3,677,638","1,014,293","3,443,094","2,564,236","1,941,751","2,881,548","363,652"
Hawaii Volcanoes NP,HAVO,"1,520,400","1,160,344","2,680,744","9,594,938","382,913","799,578","28,499",0,"9,851",709,"3,973","67,402",0,"286,618,040","145,834,303","432,452,343","1,279,572,043","79,406,052","106,631,003","3,677,638","1,014,293","3,443,094","2,564,236","1,941,751","2,881,548","363,652"
Herbert Hoover NHS,HEHO,"198,871","18,000","216,871","198,871","1,200","16,572",0,0,0,0,0,0,0,"286,618,040","145,834,303","432,452,343","1,279,572,043","79,406,052","106,631,003","3,677,638","1,014,293","3,443,094","2,564,236","1,941,751","2,881,548","363,652"
Home of Franklin D. Roosevelt NHS,HOFR,"131,003",0,"131,003","238,201",0,"19,850",0,0,0,0,0,0,0,"286,618,040","145,834,303","432,452,343","1,279,572,043","79,406,052","106,631,003","3,677,638","1,014,293","3,443,094","2,564,236","1,941,751","2,881,548","363,652"
Homestead NM of America,HOME,"43,630",0,"43,630","74,161",0,"6,180",0,0,0,0,0,0,0,"286,618,040","145,834,303","432,452,343","1,279,572,043","79,406,052","106,631,003","3,677,638","1,014,293","3,443,094","2,564,236","1,941,751","2,881,548","363,652"
Hopewell Culture NHP,HOCU,"28,239",0,"28,239","39,835",0,"3,319",0,0,0,0,0,0,0,"286,618,040","145,834,303","432,452,343","1,279,572,043","79,406,052","106,631,003","3,677,638","1,014,293","3,443,094","2,564,236","1,941,751","2,881,548","363,652"
Hopewell Furnace NHS,HOFU,"71,845",600,"72,445","86,220",300,"7,185",0,0,0,0,0,0,0,"286,618,040","145,834,303","432,452,343","1,279,572,043","79,406,052","106,631,003","3,677,638","1,014,293","3,443,094","2,564,236","1,941,751","2,881,548","363,652"
Horseshoe Bend NMP,HOBE,"126,160","872,020","998,180","302,096","290,644","25,174",0,0,0,0,0,0,0,"286,618,040","145,834,303","432,452,343","1,279,572,043","79,406,052","106,631,003","3,677,638","1,014,293","3,443,094","2,564,236","1,941,751","2,881,548","363,652"
Hot Springs NP,HOSP,"1,372,892","1,911,147","3,284,039","886,550","382,228","73,879",0,0,"1,920","2,259",0,0,0,"286,618,040","145,834,303","432,452,343","1,279,572,043","79,406,052","106,631,003","3,677,638","1,014,293","3,443,094","2,564,236","1,941,751","2,881,548","363,652"
Hovenweep NM,HOVE,"45,537",300,"45,837","126,450",60,"10,537",0,0,991,483,0,0,0,"286,618,040","145,834,303","432,452,343","1,279,572,043","79,406,052","106,631,003","3,677,638","1,014,293","3,443,094","2,564,236","1,941,751","2,881,548","363,652"
Hubbell Trading Post NHS,HUTR,"196,990","4,584","201,574","101,778","1,056","8,481",0,0,0,0,0,0,0,"286,618,040","145,834,303","432,452,343","1,279,572,043","79,406,052","106,631,003","3,677,638","1,014,293","3,443,094","2,564,236","1,941,751","2,881,548","363,652"
Independence NHP,INDE,"3,189,810",0,"3,189,810","4,785,490",0,"398,790",0,0,0,0,0,0,0,"286,618,040","145,834,303","432,452,343","1,279,572,043","79,406,052","106,631,003","3,677,638","1,014,293","3,443,094","2,564,236","1,941,751","2,881,548","363,652"
Indiana Dunes NP,INDU,"1,798,318","108,486","1,906,804","5,024,739","54,243","418,728",0,0,"19,022","5,299",0,"6,301",0,"286,618,040","145,834,303","432,452,343","1,279,572,043","79,406,052","106,631,003","3,677,638","1,014,293","3,443,094","2,564,236","1,941,751","2,881,548","363,652"
Isle Royale NP,ISRO,"21,257",144,"21,401","1,460,979","21,232","121,748","7,730",591,"7,166",0,"40,071","4,096",880,"286,618,040","145,834,303","432,452,343","1,279,572,043","79,406,052","106,631,003","3,677,638","1,014,293","3,443,094","2,564,236","1,941,751","2,881,548","363,652"
James A. Garfield NHS,JAGA,"23,332",0,"23,332","46,664",0,"3,888",0,0,0,0,0,0,0,"286,618,040","145,834,303","432,452,343","1,279,572,043","79,406,052","106,631,003","3,677,638","1,014,293","3,443,094","2,564,236","1,941,751","2,881,548","363,652"
Jean Lafitte NHP & PRES,JELA,"882,450","416,898","1,299,348","1,549,783","102,365","129,148",0,0,0,0,0,0,0,"286,618,040","145,834,303","432,452,343","1,279,572,043","79,406,052","106,631,003","3,677,638","1,014,293","3,443,094","2,564,236","1,941,751","2,881,548","363,652"
Jewel Cave NM,JECA,"128,295",519,"128,814","141,780",519,"11,814",0,0,0,0,0,0,0,"286,618,040","145,834,303","432,452,343","1,279,572,043","79,406,052","106,631,003","3,677,638","1,014,293","3,443,094","2,564,236","1,941,751","2,881,548","363,652"
Jimmy Carter NHS,JICA,"50,292",0,"50,292","25,149",0,"2,095",0,0,0,0,0,0,0,"286,618,040","145,834,303","432,452,343","1,279,572,043","79,406,052","106,631,003","3,677,638","1,014,293","3,443,094","2,564,236","1,941,751","2,881,548","363,652"
"John D. Rockefeller, Jr. MEM PKWY",JODR,"1,219,337","10,800","1,230,137","2,389,297","2,700","199,108","23,675","29,994",0,0,"2,248","1,154",0,"286,618,040","145,834,303","432,452,343","1,279,572,043","79,406,052","106,631,003","3,677,638","1,014,293","3,443,094","2,564,236","1,941,751","2,881,548","363,652"
John Day Fossil Beds NM,JODA,"99,123",840,"99,963","118,582",84,"9,881",0,0,0,0,0,300,0,"286,618,040","145,834,303","432,452,343","1,279,572,043","79,406,052","106,631,003","3,677,638","1,014,293","3,443,094","2,564,236","1,941,751","2,881,548","363,652"
John F. Kennedy NHS,JOFI,"14,055",0,"14,055","7,029",0,585,0,0,0,0,0,0,0,"286,618,040","145,834,303","432,452,343","1,279,572,043","79,406,052","106,631,003","3,677,638","1,014,293","3,443,094","2,564,236","1,941,751","2,881,548","363,652"
John Muir NHS,JOMU,"32,252","1,816","34,068","53,043",458,"4,420",0,0,0,0,0,0,0,"286,618,040","145,834,303","432,452,343","1,279,572,043","79,406,052","106,631,003","3,677,638","1,014,293","3,443,094","2,564,236","1,941,751","2,881,548","363,652"
Johnstown Flood NMEM,JOFL,"121,098","101,868","222,966","121,893","3,056","10,157",0,0,0,0,0,0,0,"286,618,040","145,834,303","432,452,343","1,279,572,043","79,406,052","106,631,003","3,677,638","1,014,293","3,443,094","2,564,236","1,941,751","2,881,548","363,652"
Joshua Tree NP,JOTR,"1,215,894","4,262","1,220,156","8,861,871","4,262","738,489",0,0,"138,159","47,985","6,958","49,697",0,"286,618,040","145,834,303","432,452,343","1,279,572,043","79,406,052","106,631,003","3,677,638","1,014,293","3,443,094","2,564,236","1,941,751","2,881,548","363,652"
Kalaupapa NHP,KALA,"80,231",0,"80,231","641,848",0,"53,487",0,0,0,0,0,0,0,"286,618,040","145,834,303","432,452,343","1,279,572,043","79,406,052","106,631,003","3,677,638","1,014,293","3,443,094","2,564,236","1,941,751","2,881,548","363,652"
Kaloko Honokohau NHP,KAHO,"44,640",0,"44,640","116,078",0,"9,673",0,0,0,0,0,0,0,"286,618,040","145,834,303","432,452,343","1,279,572,043","79,406,052","106,631,003","3,677,638","1,014,293","3,443,094","2,564,236","1,941,751","2,881,548","363,652"
Katmai NP & PRES,KATM,"71,370",333,"71,703","870,700","11,376","72,558","3,908",0,"3,084",0,"21,222",257,363,"286,618,040","145,834,303","432,452,343","1,279,572,043","79,406,052","106,631,003","3,677,638","1,014,293","3,443,094","2,564,236","1,941,751","2,881,548","363,652"
Kenai Fjords NP,KEFJ,"254,304",0,"254,304","836,892",0,"69,741",0,0,"1,294",28,"2,380",0,0,"286,618,040","145,834,303","432,452,343","1,279,572,043","79,406,052","106,631,003","3,677,638","1,014,293","3,443,094","2,564,236","1,941,751","2,881,548","363,652"
Kennesaw Mountain NBP,KEMO,"1,287,608","10,175,895","11,463,503","2,118,384","1,628,143","176,532",0,0,0,0,0,198,0,"286,618,040","145,834,303","432,452,343","1,279,572,043","79,406,052","106,631,003","3,677,638","1,014,293","3,443,094","2,564,236","1,941,751","2,881,548","363,652"
Kings Canyon NP,KICA,"533,734","32,789","566,523","17,350,713","131,156","1,445,892","45,693",0,"75,920","32,749","59,423","6,367",0,"286,618,040","145,834,303","432,452,343","1,279,572,043","79,406,052","106,631,003","3,677,638","1,014,293","3,443,094","2,564,236","1,941,751","2,881,548","363,652"
Kings Mountain NMP,KIMO,"254,832","249,541","504,373","264,972","41,574","22,081",0,0,0,0,73,0,0,"286,618,040","145,834,303","432,452,343","1,279,572,043","79,406,052","106,631,003","3,677,638","1,014,293","3,443,094","2,564,236","1,941,751","2,881,548","363,652"
Klondike Gold Rush NHP Alaska,KLGO,"694,533",0,"694,533","2,971,506",0,"247,625",0,0,"1,047",578,"4,288",0,0,"286,618,040","145,834,303","432,452,343","1,279,572,043","79,406,052","106,631,003","3,677,638","1,014,293","3,443,094","2,564,236","1,941,751","2,881,548","363,652"
Klondike Gold Rush NHP Seattle,KLSE,"125,883",0,"125,883","94,413",0,"7,867",0,0,0,0,0,0,0,"286,618,040","145,834,303","432,452,343","1,279,572,043","79,406,052","106,631,003","3,677,638","1,014,293","3,443,094","2,564,236","1,941,751","2,881,548","363,652"
Knife River Indian Villages NHS,KNRI,"32,961",419,"33,380","53,861",211,"4,488",0,0,0,0,0,0,0,"286,618,040","145,834,303","432,452,343","1,279,572,043","79,406,052","106,631,003","3,677,638","1,014,293","3,443,094","2,564,236","1,941,751","2,881,548","363,652"
Kobuk Valley NP,KOVA,"2,906","5,800","8,706","9,356","46,400",779,0,0,0,0,0,0,250,"286,618,040","145,834,303","432,452,343","1,279,572,043","79,406,052","106,631,003","3,677,638","1,014,293","3,443,094","2,564,236","1,941,751","2,881,548","363,652"
Korean War Veterans Memorial,KOWA,"2,996,266",0,"2,996,266","1,524,637",0,"127,053",0,0,0,0,0,0,0,"286,618,040","145,834,303","432,452,343","1,279,572,043","79,406,052","106,631,003","3,677,638","1,014,293","3,443,094","2,564,236","1,941,751","2,881,548","363,652"
Lake Chelan NRA,LACH,"52,352",0,"52,352","660,222",0,"55,018","9,052",0,0,0,"4,815","6,851",0,"286,618,040","145,834,303","432,452,343","1,279,572,043","79,406,052","106,631,003","3,677,638","1,014,293","3,443,094","2,564,236","1,941,751","2,881,548","363,652"
Lake Clark NP & PRES,LACL,"6,568",0,"6,568","57,334",0,"4,777",0,0,0,0,"2,009",0,0,"286,618,040","145,834,303","432,452,343","1,279,572,043","79,406,052","106,631,003","3,677,638","1,014,293","3,443,094","2,564,236","1,941,751","2,881,548","363,652"
Lake Mead NRA,LAKE,"8,932,416","323,974","9,256,390","76,087,249","1,943,844","6,340,604","58,119","199,470","120,844","153,804","354,158","150,505","278,114","286,618,040","145,834,303","432,452,343","1,279,572,043","79,406,052","106,631,003","3,677,638","1,014,293","3,443,094","2,564,236","1,941,751","2,881,548","363,652"
Lake Meredith NRA,LAMR,"1,710,605",0,"1,710,605","5,197,850",0,"433,154",0,0,"14,688","67,949","7,120","2,013",0,"286,618,040","145,834,303","432,452,343","1,279,572,043","79,406,052","106,631,003","3,677,638","1,014,293","3,443,094","2,564,236","1,941,751","2,881,548","363,652"
Lake Roosevelt NRA,LARO,"1,407,448","18,000","1,425,448","5,726,194","9,000","477,182","47,863",0,"39,875","50,706","6,281","25,792",0,"286,618,040","145,834,303","432,452,343","1,279,572,043","79,406,052","106,631,003","3,677,638","1,014,293","3,443,094","2,564,236","1,941,751","2,881,548","363,652"
Lassen Volcanic NP,LAVO,"381,003",0,"381,003","3,973,620",0,"331,135","5,741",0,"44,394","17,259","6,605","6,363",0,"286,618,040","145,834,303","432,452,343","1,279,572,043","79,406,052","106,631,003","3,677,638","1,014,293","3,443,094","2,564,236","1,941,751","2,881,548","363,652"
Lava Beds NM,LABE,"122,993",771,"123,764","375,814",390,"31,317",0,0,"4,077","1,449",0,168,0,"286,618,040","145,834,303","432,452,343","1,279,572,043","79,406,052","106,631,003","3,677,638","1,014,293","3,443,094","2,564,236","1,941,751","2,881,548","363,652"
LBJ Memorial Grove on the Potomac,LYBA,"511,862",0,"511,862","255,933",0,"21,327",0,0,0,0,0,0,0,"286,618,040","145,834,303","432,452,343","1,279,572,043","79,406,052","106,631,003","3,677,638","1,014,293","3,443,094","2,564,236","1,941,751","2,881,548","363,652"
Lewis & Clark NHP,LEWI,"212,880",267,"213,147","349,663",69,"29,138",0,0,0,0,0,0,0,"286,618,040","145,834,303","432,452,343","1,279,572,043","79,406,052","106,631,003","3,677,638","1,014,293","3,443,094","2,564,236","1,941,751","2,881,548","363,652"
Lincoln Boyhood NMEM,LIBO,"155,622","16,200","171,822","175,075","2,700","14,589",0,0,0,0,0,0,0,"286,618,040","145,834,303","432,452,343","1,279,572,043","79,406,052","106,631,003","3,677,638","1,014,293","3,443,094","2,564,236","1,941,751","2,881,548","363,652"
Lincoln Home NHS,LIHO,"372,753","11,274","384,027","330,240","70,189","27,520",0,0,0,0,0,0,0,"286,618,040","145,834,303","432,452,343","1,279,572,043","79,406,052","106,631,003","3,677,638","1,014,293","3,443,094","2,564,236","1,941,751","2,881,548","363,652"
Lincoln Memorial,LINC,"3,998,832",0,"3,998,832","1,999,419",0,"166,618",0,0,0,0,0,0,0,"286,618,040","145,834,303","432,452,343","1,279,572,043","79,406,052","106,631,003","3,677,638","1,014,293","3,443,094","2,564,236","1,941,751","2,881,548","363,652"
Little Bighorn Battlefield NM,LIBI,"340,733","3,057","343,790","340,883","1,531","28,406",0,0,0,0,0,0,0,"286,618,040","145,834,303","432,452,343","1,279,572,043","79,406,052","106,631,003","3,677,638","1,014,293","3,443,094","2,564,236","1,941,751","2,881,548","363,652"
Longfellow House Washington's HQ NHS,LONG,0,0,0,0,0,0,0,0,0,0,0,0,0,"286,618,040","145,834,303","432,452,343","1,279,572,043","79,406,052","106,631,003","3,677,638","1,014,293","3,443,094","2,564,236","1,941,751","2,881,548","363,652"
Lowell NHP,LOWE,"589,742","8,818","598,560","851,500","13,231","70,958",0,0,0,0,0,0,0,"286,618,040","145,834,303","432,452,343","1,279,572,043","79,406,052","106,631,003","3,677,638","1,014,293","3,443,094","2,564,236","1,941,751","2,881,548","363,652"
Lyndon B. Johnson NHP,LYJO,"112,135","11,160","123,295","334,013","44,640","27,834",0,0,0,0,0,0,0,"286,618,040","145,834,303","432,452,343","1,279,572,043","79,406,052","106,631,003","3,677,638","1,014,293","3,443,094","2,564,236","1,941,751","2,881,548","363,652"
Maggie L. Walker NHS,MAWA,"9,364",0,"9,364","4,685",0,390,0,0,0,0,0,0,0,"286,618,040","145,834,303","432,452,343","1,279,572,043","79,406,052","106,631,003","3,677,638","1,014,293","3,443,094","2,564,236","1,941,751","2,881,548","363,652"
Mammoth Cave NP,MACA,"1,735,424","92,253","1,827,677","4,549,996","86,544","379,166","30,567",0,"37,408","15,768","4,905","1,281",0,"286,618,040","145,834,303","432,452,343","1,279,572,043","79,406,052","106,631,003","3,677,638","1,014,293","3,443,094","2,564,236","1,941,751","2,881,548","363,652"
Manassas NBP,MANA,"700,941",480,"701,421","525,707",84,"43,808",0,0,0,0,0,0,0,"286,618,040","145,834,303","432,452,343","1,279,572,043","79,406,052","106,631,003","3,677,638","1,014,293","3,443,094","2,564,236","1,941,751","2,881,548","363,652"
Manzanar NHS,MANZ,"31,261",0,"31,261","31,261",0,"2,605",0,0,0,0,0,0,0,"286,618,040","145,834,303","432,452,343","1,279,572,043","79,406,052","106,631,003","3,677,638","1,014,293","3,443,094","2,564,236","1,941,751","2,881,548","363,652"
Marsh-Billings-Rockefeller NHP,MABI,"49,005",0,"49,005","98,010",0,"8,167",0,0,0,0,0,0,0,"286,618,040","145,834,303","432,452,343","1,279,572,043","79,406,052","106,631,003","3,677,638","1,014,293","3,443,094","2,564,236","1,941,751","2,881,548","363,652"
"Martin Luther King, Jr. NHP",MALU,"599,418",0,"599,418","1,113,033",0,"92,752",0,0,0,0,0,0,0,"286,618,040","145,834,303","432,452,343","1,279,572,043","79,406,052","106,631,003","3,677,638","1,014,293","3,443,094","2,564,236","1,941,751","2,881,548","363,652"
Martin Van Buren NHS,MAVA,"14,629",720,"15,349","15,738",180,"1,311",0,0,0,0,0,0,0,"286,618,040","145,834,303","432,452,343","1,279,572,043","79,406,052","106,631,003","3,677,638","1,014,293","3,443,094","2,564,236","1,941,751","2,881,548","363,652"
Mary McLeod Bethune Council House NHS,MABE,"5,761",0,"5,761","11,522",0,960,0,0,0,0,0,0,0,"286,618,040","145,834,303","432,452,343","1,279,572,043","79,406,052","106,631,003","3,677,638","1,014,293","3,443,094","2,564,236","1,941,751","2,881,548","363,652"
Mesa Verde NP,MEVE,"461,566","17,582","479,148","3,593,998","17,582","299,499","42,265",0,"27,856","13,633",0,522,0,"286,618,040","145,834,303","432,452,343","1,279,572,043","79,406,052","106,631,003","3,677,638","1,014,293","3,443,094","2,564,236","1,941,751","2,881,548","363,652"
Minute Man NHP,MIMA,"990,419",0,"990,419","1,485,632",0,"123,802",0,0,0,0,0,0,0,"286,618,040","145,834,303","432,452,343","1,279,572,043","79,406,052","106,631,003","3,677,638","1,014,293","3,443,094","2,564,236","1,941,751","2,881,548","363,652"
Mojave NPRES,MOJA,"380,415",0,"380,415","2,354,946",0,"196,245",0,0,"3,628",861,0,"1,549",0,"286,618,040","145,834,303","432,452,343","1,279,572,043","79,406,052","106,631,003","3,677,638","1,014,293","3,443,094","2,564,236","1,941,751","2,881,548","363,652"
Monocacy NB,MONO,"18,139",0,"18,139","27,212",0,"2,267",0,0,0,0,0,0,0,"286,618,040","145,834,303","432,452,343","1,279,572,043","79,406,052","106,631,003","3,677,638","1,014,293","3,443,094","2,564,236","1,941,751","2,881,548","363,652"
Montezuma Castle NM,MOCA,"802,807",420,"803,227","802,807",108,"66,900",0,0,0,0,0,0,0,"286,618,040","145,834,303","432,452,343","1,279,572,043","79,406,052","106,631,003","3,677,638","1,014,293","3,443,094","2,564,236","1,941,751","2,881,548","363,652"
Moores Creek NB,MOCR,"87,236",0,"87,236","54,686",0,"4,557",0,0,0,0,9,0,0,"286,618,040","145,834,303","432,452,343","1,279,572,043","79,406,052","106,631,003","3,677,638","1,014,293","3,443,094","2,564,236","1,941,751","2,881,548","363,652"
Morristown NHP,MORR,"506,210",0,"506,210","1,403,176",0,"116,931",0,0,0,0,0,0,0,"286,618,040","145,834,303","432,452,343","1,279,572,043","79,406,052","106,631,003","3,677,638","1,014,293","3,443,094","2,564,236","1,941,751","2,881,548","363,652"
Mount Rainier NP,MORA,"1,339,071","620,391","1,959,462","15,185,535","620,391","1,265,461","43,524",0,"64,990","28,368","57,725",538,0,"286,618,040","145,834,303","432,452,343","1,279,572,043","79,406,052","106,631,003","3,677,638","1,014,293","3,443,094","2,564,236","1,941,751","2,881,548","363,652"
Mount Rushmore NMEM,MORU,"1,888,546","662,701","2,551,247","2,486,571","220,898","207,214",0,0,0,0,0,0,0,"286,618,040","145,834,303","432,452,343","1,279,572,043","79,406,052","106,631,003","3,677,638","1,014,293","3,443,094","2,564,236","1,941,751","2,881,548","363,652"
Muir Woods NM,MUWO,"886,826",0,"886,826","1,182,140",0,"98,511",0,0,0,0,0,0,0,"286,618,040","145,834,303","432,452,343","1,279,572,043","79,406,052","106,631,003","3,677,638","1,014,293","3,443,094","2,564,236","1,941,751","2,881,548","363,652"
Natchez NHP,NATC,"340,700",0,"340,700","633,673",0,"52,806",0,0,0,0,0,0,0,"286,618,040","145,834,303","432,452,343","1,279,572,043","79,406,052","106,631,003","3,677,638","1,014,293","3,443,094","2,564,236","1,941,751","2,881,548","363,652"
Natchez Trace PKWY,NATR,"5,928,573","8,567,736","14,496,309","24,015,153","8,567,736","2,001,262",0,0,"7,806","19,545",0,0,0,"286,618,040","145,834,303","432,452,343","1,279,572,043","79,406,052","106,631,003","3,677,638","1,014,293","3,443,094","2,564,236","1,941,751","2,881,548","363,652"
National Capital Parks Central,NCPC,"2,715,925",0,"2,715,925","3,155,037",0,"262,919",0,0,0,0,0,0,0,"286,618,040","145,834,303","432,452,343","1,279,572,043","79,406,052","106,631,003","3,677,638","1,014,293","3,443,094","2,564,236","1,941,751","2,881,548","363,652"
National Capital Parks East,NCPE,"1,258,509","21,415,918","22,674,427","1,767,918","13,167,480","147,326",0,0,0,0,0,0,0,"286,618,040","145,834,303","432,452,343","1,279,572,043","79,406,052","106,631,003","3,677,638","1,014,293","3,443,094","2,564,236","1,941,751","2,881,548","363,652"
Natural Bridges NM,NABR,"115,196",800,"115,996","653,269",400,"54,439",0,0,"4,529","2,881",0,0,0,"286,618,040","145,834,303","432,452,343","1,279,572,043","79,406,052","106,631,003","3,677,638","1,014,293","3,443,094","2,564,236","1,941,751","2,881,548","363,652"
Navajo NM,NAVA,"65,101","36,878","101,979","170,384","9,220","14,198",0,0,"1,654","1,077",483,102,0,"286,618,040","145,834,303","432,452,343","1,279,572,043","79,406,052","106,631,003","3,677,638","1,014,293","3,443,094","2,564,236","1,941,751","2,881,548","363,652"
New Bedford Whaling NHP,NEBE,"294,074",0,"294,074","147,278",0,"12,273",0,0,0,0,0,0,0,"286,618,040","145,834,303","432,452,343","1,279,572,043","79,406,052","106,631,003","3,677,638","1,014,293","3,443,094","2,564,236","1,941,751","2,881,548","363,652"
New Orleans Jazz NHP,JAZZ,"7,447",0,"7,447","10,349",0,862,0,0,0,0,0,0,0,"286,618,040","145,834,303","432,452,343","1,279,572,043","79,406,052","106,631,003","3,677,638","1,014,293","3,443,094","2,564,236","1,941,751","2,881,548","363,652"
New River Gorge NP & PRES,NERI,"1,156,057","2,400","1,158,457","2,910,410","4,800","242,534",0,0,"12,149","9,658",0,0,0,"286,618,040","145,834,303","432,452,343","1,279,572,043","79,406,052","106,631,003","3,677,638","1,014,293","3,443,094","2,564,236","1,941,751","2,881,548","363,652"
Nez Perce NHP,NEPE,"150,482","1,800","152,282","139,547",180,"11,628",0,0,0,0,0,0,0,"286,618,040","145,834,303","432,452,343","1,279,572,043","79,406,052","106,631,003","3,677,638","1,014,293","3,443,094","2,564,236","1,941,751","2,881,548","363,652"
Nicodemus NHS,NICO,"21,736",0,"21,736","21,736",0,"1,811",0,0,0,0,0,0,0,"286,618,040","145,834,303","432,452,343","1,279,572,043","79,406,052","106,631,003","3,677,638","1,014,293","3,443,094","2,564,236","1,941,751","2,881,548","363,652"
Ninety Six NHS,NISI,"28,448",0,"28,448","35,561",0,"2,963",0,0,0,0,0,0,0,"286,618,040","145,834,303","432,452,343","1,279,572,043","79,406,052","106,631,003","3,677,638","1,014,293","3,443,094","2,564,236","1,941,751","2,881,548","363,652"
Noatak NPRES,NOAT,"2,257","2,300","4,557","24,757","18,400","2,063",0,0,0,0,0,0,200,"286,618,040","145,834,303","432,452,343","1,279,572,043","79,406,052","106,631,003","3,677,638","1,014,293","3,443,094","2,564,236","1,941,751","2,881,548","363,652"
North Cascades NP,NOCA,"25,715",0,"25,715","408,555",0,"34,046",0,0,0,0,"18,656",7,0,"286,618,040","145,834,303","432,452,343","1,279,572,043","79,406,052","106,631,003","3,677,638","1,014,293","3,443,094","2,564,236","1,941,751","2,881,548","363,652"
Obed W&SR,OBRI,"246,139","10,800","256,939","1,069,896",900,"89,157",0,0,"2,793",102,"1,601",0,0,"286,618,040","145,834,303","432,452,343","1,279,572,043","79,406,052","106,631,003","3,677,638","1,014,293","3,443,094","2,564,236","1,941,751","2,881,548","363,652"
Ocmulgee Mounds NHP,OCMU,"122,660",0,"122,660","183,994",0,"15,332",0,0,0,0,0,0,0,"286,618,040","145,834,303","432,452,343","1,279,572,043","79,406,052","106,631,003","3,677,638","1,014,293","3,443,094","2,564,236","1,941,751","2,881,548","363,652"
Olympic NP,OLYM,"3,288,274","830,069","4,118,343","17,425,322","317,578","1,452,110","70,220","8,855","123,346","79,506","105,019",408,0,"286,618,040","145,834,303","432,452,343","1,279,572,043","79,406,052","106,631,003","3,677,638","1,014,293","3,443,094","2,564,236","1,941,751","2,881,548","363,652"
Oregon Caves NM & PRES,ORCA,"92,082",520,"92,602","351,942","1,040","29,328","4,731",0,0,0,0,0,0,"286,618,040","145,834,303","432,452,343","1,279,572,043","79,406,052","106,631,003","3,677,638","1,014,293","3,443,094","2,564,236","1,941,751","2,881,548","363,652"
Organ Pipe Cactus NM,ORPI,"240,738","1,189,064","1,429,802","959,625","594,534","79,968",0,0,"6,473","33,111","2,458","1,216",0,"286,618,040","145,834,303","432,452,343","1,279,572,043","79,406,052","106,631,003","3,677,638","1,014,293","3,443,094","2,564,236","1,941,751","2,881,548","363,652"
Ozark NSR,OZAR,"1,594,282",0,"1,594,282","4,581,268",0,"381,772",905,0,"87,776","20,880","24,006","44,405",0,"286,618,040","145,834,303","432,452,343","1,279,572,043","79,406,052","106,631,003","3,677,638","1,014,293","3,443,094","2,564,236","1,941,751","2,881,548","363,652"
Padre Island NS,PAIS,"704,512","1,800","706,312","4,784,018","14,400","398,668",0,0,"15,047","45,745","5,714","3,574",0,"286,618,040","145,834,303","432,452,343","1,279,572,043","79,406,052","106,631,003","3,677,638","1,014,293","3,443,094","2,564,236","1,941,751","2,881,548","363,652"
Pea Ridge NMP,PERI,"83,064",0,"83,064","166,128",0,"13,843",0,0,0,0,0,0,0,"286,618,040","145,834,303","432,452,343","1,279,572,043","79,406,052","106,631,003","3,677,638","1,014,293","3,443,094","2,564,236","1,941,751","2,881,548","363,652"
Pearl Harbor NMEM,PERL,"1,437,563","7,800","1,445,363","2,875,126","15,600","239,593",0,0,0,0,0,0,0,"286,618,040","145,834,303","432,452,343","1,279,572,043","79,406,052","106,631,003","3,677,638","1,014,293","3,443,094","2,564,236","1,941,751","2,881,548","363,652"
Pecos NHP,PECO,"37,145",0,"37,145","54,402",0,"4,533",0,0,0,0,0,0,0,"286,618,040","145,834,303","432,452,343","1,279,572,043","79,406,052","106,631,003","3,677,638","1,014,293","3,443,094","2,564,236","1,941,751","2,881,548","363,652"
Pennsylvania Avenue NHS,PAAV,"284,824",0,"284,824","93,992",0,"7,832",0,0,0,0,0,0,0,"286,618,040","145,834,303","432,452,343","1,279,572,043","79,406,052","106,631,003","3,677,638","1,014,293","3,443,094","2,564,236","1,941,751","2,881,548","363,652"
Perry's Victory & Intl. Peace MEM,PEVI,"163,015",0,"163,015","182,467",0,"15,205",0,0,0,0,0,"2,416",0,"286,618,040","145,834,303","432,452,343","1,279,572,043","79,406,052","106,631,003","3,677,638","1,014,293","3,443,094","2,564,236","1,941,751","2,881,548","363,652"
Petersburg NB,PETE,"173,385","363,366","536,751","166,684","90,842","13,890",0,0,0,0,0,0,0,"286,618,040","145,834,303","432,452,343","1,279,572,043","79,406,052","106,631,003","3,677,638","1,014,293","3,443,094","2,564,236","1,941,751","2,881,548","363,652"
Petrified Forest NP,PEFO,"618,899",120,"619,019","1,469,401","12,804","122,450",0,0,0,0,597,0,"1,057","286,618,040","145,834,303","432,452,343","1,279,572,043","79,406,052","106,631,003","3,677,638","1,014,293","3,443,094","2,564,236","1,941,751","2,881,548","363,652"
Petroglyph NM,PETR,"65,016",0,"65,016","66,014",0,"5,501",0,0,0,0,0,0,0,"286,618,040","145,834,303","432,452,343","1,279,572,043","79,406,052","106,631,003","3,677,638","1,014,293","3,443,094","2,564,236","1,941,751","2,881,548","363,652"
Pictured Rocks NL,PIRO,"427,033","1,850","428,883","2,252,902",556,"187,741",0,0,"12,933","3,520","13,812",0,0,"286,618,040","145,834,303","432,452,343","1,279,572,043","79,406,052","106,631,003","3,677,638","1,014,293","3,443,094","2,564,236","1,941,751","2,881,548","363,652"
Pinnacles NP,PINN,"162,262",0,"162,262","591,235",0,"49,269",0,0,0,0,0,0,0,"286,618,040","145,834,303","432,452,343","1,279,572,043","79,406,052","106,631,003","3,677,638","1,014,293","3,443,094","2,564,236","1,941,751","2,881,548","363,652"
Pipe Spring NM,PISP,"53,404","1,800","55,204","53,404",900,"4,450",0,0,0,0,0,0,0,"286,618,040","145,834,303","432,452,343","1,279,572,043","79,406,052","106,631,003","3,677,638","1,014,293","3,443,094","2,564,236","1,941,751","2,881,548","363,652"
Pipestone NM,PIPE,"94,343",0,"94,343","235,863",0,"19,655",0,0,0,0,0,0,0,"286,618,040","145,834,303","432,452,343","1,279,572,043","79,406,052","106,631,003","3,677,638","1,014,293","3,443,094","2,564,236","1,941,751","2,881,548","363,652"
Piscataway Park,PISC,"202,219",0,"202,219","381,951",0,"31,829",0,0,0,0,0,0,0,"286,618,040","145,834,303","432,452,343","1,279,572,043","79,406,052","106,631,003","3,677,638","1,014,293","3,443,094","2,564,236","1,941,751","2,881,548","363,652"
Point Reyes NS,PORE,"2,231,050","25,788","2,256,838","11,171,548","25,788","930,962","8,514","2,513",0,0,"23,972",0,0,"286,618,040","145,834,303","432,452,343","1,279,572,043","79,406,052","106,631,003","3,677,638","1,014,293","3,443,094","2,564,236","1,941,751","2,881,548","363,652"
President's Park,PRPA,"1,290,118",0,"1,290,118","1,715,774",0,"142,981",0,0,0,0,0,0,0,"286,618,040","145,834,303","432,452,343","1,279,572,043","79,406,052","106,631,003","3,677,638","1,014,293","3,443,094","2,564,236","1,941,751","2,881,548","363,652"
Prince William Forest Park,PRWI,"172,222",480,"172,702","2,144,892",960,"178,741",0,"24,289","6,991",850,63,"30,792",0,"286,618,040","145,834,303","432,452,343","1,279,572,043","79,406,052","106,631,003","3,677,638","1,014,293","3,443,094","2,564,236","1,941,751","2,881,548","363,652"
Pu'uhonua o Honaunau NHP,PUHO,"419,239",0,"419,239","419,239",0,"34,936",0,0,0,0,0,0,0,"286,618,040","145,834,303","432,452,343","1,279,572,043","79,406,052","106,631,003","3,677,638","1,014,293","3,443,094","2,564,236","1,941,751","2,881,548","363,652"
Pu'ukohola Heiau NHS,PUHE,"54,707","136,481","191,188","27,357","22,737","2,279",0,0,0,0,0,0,0,"286,618,040","145,834,303","432,452,343","1,279,572,043","79,406,052","106,631,003","3,677,638","1,014,293","3,443,094","2,564,236","1,941,751","2,881,548","363,652"
Rainbow Bridge NM,RABR,"199,289",0,"199,289","298,935",0,"24,911",0,0,0,0,0,0,0,"286,618,040","145,834,303","432,452,343","1,279,572,043","79,406,052","106,631,003","3,677,638","1,014,293","3,443,094","2,564,236","1,941,751","2,881,548","363,652"
Redwood NP,REDW,"382,548",0,"382,548","2,550,379",0,"212,531","5,384",0,"10,634","38,717","1,417","3,836",0,"286,618,040","145,834,303","432,452,343","1,279,572,043","79,406,052","106,631,003","3,677,638","1,014,293","3,443,094","2,564,236","1,941,751","2,881,548","363,652"
Richmond NBP,RICH,"93,360","150,188","243,548","216,909","37,547","18,075",0,0,0,0,0,0,0,"286,618,040","145,834,303","432,452,343","1,279,572,043","79,406,052","106,631,003","3,677,638","1,014,293","3,443,094","2,564,236","1,941,751","2,881,548","363,652"
Rio Grande W&SR,RIGR,900,0,900,"87,696",0,"7,308",0,0,0,0,"4,329",0,0,"286,618,040","145,834,303","432,452,343","1,279,572,043","79,406,052","106,631,003","3,677,638","1,014,293","3,443,094","2,564,236","1,941,751","2,881,548","363,652"
Rock Creek Park,ROCR,"2,029,965","12,419,556","14,449,521","2,836,538","6,209,782","236,378",0,0,0,0,0,0,0,"286,618,040","145,834,303","432,452,343","1,279,572,043","79,406,052","106,631,003","3,677,638","1,014,293","3,443,094","2,564,236","1,941,751","2,881,548","363,652"
Rocky Mountain NP,ROMO,"3,180,889","193,852","3,374,741","22,806,758","41,059","1,900,563",0,0,"99,678","65,904","40,728","26,279",0,"286,618,040","145,834,303","432,452,343","1,279,572,043","79,406,052","106,631,003","3,677,638","1,014,293","3,443,094","2,564,236","1,941,751","2,881,548","363,652"
Roger Williams NMEM,ROWI,"60,004","84,204","144,208","50,588","6,737","4,215",0,0,0,0,0,0,0,"286,618,040","145,834,303","432,452,343","1,279,572,043","79,406,052","106,631,003","3,677,638","1,014,293","3,443,094","2,564,236","1,941,751","2,881,548","363,652"
Ross Lake NRA,ROLA,"270,696",720,"271,416","1,660,824",720,"138,402","7,246",0,"19,642","14,204","16,213",617,0,"286,618,040","145,834,303","432,452,343","1,279,572,043","79,406,052","106,631,003","3,677,638","1,014,293","3,443,094","2,564,236","1,941,751","2,881,548","363,652"
Russell Cave NM,RUCA,"24,829",0,"24,829","45,357",0,"3,779",0,0,0,0,0,0,0,"286,618,040","145,834,303","432,452,343","1,279,572,043","79,406,052","106,631,003","3,677,638","1,014,293","3,443,094","2,564,236","1,941,751","2,881,548","363,652"
Sagamore Hill NHS,SAHI,"57,298",0,"57,298","143,247",0,"11,937",0,0,0,0,0,0,0,"286,618,040","145,834,303","432,452,343","1,279,572,043","79,406,052","106,631,003","3,677,638","1,014,293","3,443,094","2,564,236","1,941,751","2,881,548","363,652"
Saguaro NP,SAGU,"757,417","2,624,818","3,382,235","1,143,697","656,206","95,308",0,0,0,0,"1,660",0,0,"286,618,040","145,834,303","432,452,343","1,279,572,043","79,406,052","106,631,003","3,677,638","1,014,293","3,443,094","2,564,236","1,941,751","2,881,548","363,652"
Saint Croix NSR,SACN,"371,459",0,"371,459","2,467,857",0,"205,654",0,0,0,0,"23,875",0,0,"286,618,040","145,834,303","432,452,343","1,279,572,043","79,406,052","106,631,003","3,677,638","1,014,293","3,443,094","2,564,236","1,941,751","2,881,548","363,652"
Saint Paul's Church NHS,SAPA,"9,697",407,"10,104","14,713",190,"1,226",0,0,0,0,0,0,0,"286,618,040","145,834,303","432,452,343","1,279,572,043","79,406,052","106,631,003","3,677,638","1,014,293","3,443,094","2,564,236","1,941,751","2,881,548","363,652"
Saint-Gaudens NHP,SAGA,"34,858",0,"34,858","67,468",0,"5,622",0,0,0,0,0,0,0,"286,618,040","145,834,303","432,452,343","1,279,572,043","79,406,052","106,631,003","3,677,638","1,014,293","3,443,094","2,564,236","1,941,751","2,881,548","363,652"
Salem Maritime NHS,SAMA,"749,061",2,"749,063","479,501",2,"39,958",0,0,0,0,0,0,0,"286,618,040","145,834,303","432,452,343","1,279,572,043","79,406,052","106,631,003","3,677,638","1,014,293","3,443,094","2,564,236","1,941,751","2,881,548","363,652"
Salinas Pueblo Missions NM,SAPU,"37,223",0,"37,223","77,073",0,"6,422",0,0,0,0,0,15,0,"286,618,040","145,834,303","432,452,343","1,279,572,043","79,406,052","106,631,003","3,677,638","1,014,293","3,443,094","2,564,236","1,941,751","2,881,548","363,652"
San Antonio Missions NHP,SAAN,"1,437,540",0,"1,437,540","2,297,639",0,"191,469",0,0,0,0,0,0,0,"286,618,040","145,834,303","432,452,343","1,279,572,043","79,406,052","106,631,003","3,677,638","1,014,293","3,443,094","2,564,236","1,941,751","2,881,548","363,652"
San Francisco Maritime NHP,SAFR,"3,466,441",0,"3,466,441","3,855,032",0,"321,252",0,0,0,0,0,"12,417",0,"286,618,040","145,834,303","432,452,343","1,279,572,043","79,406,052","106,631,003","3,677,638","1,014,293","3,443,094","2,564,236","1,941,751","2,881,548","363,652"
San Juan Island NHP,SAJH,"265,421",0,"265,421","238,989",0,"19,915",0,0,0,0,0,0,0,"286,618,040","145,834,303","432,452,343","1,279,572,043","79,406,052","106,631,003","3,677,638","1,014,293","3,443,094","2,564,236","1,941,751","2,881,548","363,652"
San Juan NHS,SAJU,"1,007,735",0,"1,007,735","1,964,954",0,"163,746",0,0,0,0,0,0,0,"286,618,040","145,834,303","432,452,343","1,279,572,043","79,406,052","106,631,003","3,677,638","1,014,293","3,443,094","2,564,236","1,941,751","2,881,548","363,652"
Santa Monica Mountains NRA,SAMO,"478,397","44,880","523,277","981,609","359,040","81,800",0,0,0,0,144,0,0,"286,618,040","145,834,303","432,452,343","1,279,572,043","79,406,052","106,631,003","3,677,638","1,014,293","3,443,094","2,564,236","1,941,751","2,881,548","363,652"
Saratoga NHP,SARA,"166,579","218,334","384,913","426,698","17,466","35,558",0,0,0,0,0,0,0,"286,618,040","145,834,303","432,452,343","1,279,572,043","79,406,052","106,631,003","3,677,638","1,014,293","3,443,094","2,564,236","1,941,751","2,881,548","363,652"
Saugus Iron Works NHS,SAIR,"18,623","45,625","64,248","27,938","4,566","2,328",0,0,0,0,0,0,0,"286,618,040","145,834,303","432,452,343","1,279,572,043","79,406,052","106,631,003","3,677,638","1,014,293","3,443,094","2,564,236","1,941,751","2,881,548","363,652"
Scotts Bluff NM,SCBL,"122,400",0,"122,400","232,560",0,"19,380",0,0,0,0,0,0,0,"286,618,040","145,834,303","432,452,343","1,279,572,043","79,406,052","106,631,003","3,677,638","1,014,293","3,443,094","2,564,236","1,941,751","2,881,548","363,652"
Sequoia NP,SEQU,"851,817",360,"852,177","28,193,911","1,440","2,349,492","58,759",0,"94,131","40,419","65,294",226,0,"286,618,040","145,834,303","432,452,343","1,279,572,043","79,406,052","106,631,003","3,677,638","1,014,293","3,443,094","2,564,236","1,941,751","2,881,548","363,652"
Shenandoah NP,SHEN,"1,363,348","10,962","1,374,310","9,784,360","2,743","815,363","107,855",0,"85,308","42,084","43,172",0,0,"286,618,040","145,834,303","432,452,343","1,279,572,043","79,406,052","106,631,003","3,677,638","1,014,293","3,443,094","2,564,236","1,941,751","2,881,548","363,652"
Shiloh NMP,SHIL,"278,983","122,450","401,433","502,143","24,490","41,845",0,0,0,0,0,0,0,"286,618,040","145,834,303","432,452,343","1,279,572,043","79,406,052","106,631,003","3,677,638","1,014,293","3,443,094","2,564,236","1,941,751","2,881,548","363,652"
Sitka NHP,SITK,"171,171",0,"171,171","98,246",0,"8,187",0,0,0,0,0,0,0,"286,618,040","145,834,303","432,452,343","1,279,572,043","79,406,052","106,631,003","3,677,638","1,014,293","3,443,094","2,564,236","1,941,751","2,881,548","363,652"
Sleeping Bear Dunes NL,SLBE,"1,181,429",0,"1,181,429","6,697,023",0,"558,085",0,0,"46,397","43,082","25,576",0,0,"286,618,040","145,834,303","432,452,343","1,279,572,043","79,406,052","106,631,003","3,677,638","1,014,293","3,443,094","2,564,236","1,941,751","2,881,548","363,652"
Springfield Armory NHS,SPAR,"22,014",0,"22,014","44,028",0,"3,669",0,0,0,0,0,0,0,"286,618,040","145,834,303","432,452,343","1,279,572,043","79,406,052","106,631,003","3,677,638","1,014,293","3,443,094","2,564,236","1,941,751","2,881,548","363,652"
Statue of Liberty NM,STLI,"5,597,325",0,"5,597,325","16,791,975",0,"1,399,331",0,0,0,0,0,0,0,"286,618,040","145,834,303","432,452,343","1,279,572,043","79,406,052","106,631,003","3,677,638","1,014,293","3,443,094","2,564,236","1,941,751","2,881,548","363,652"
Steamtown NHS,STEA,"170,954",0,"170,954","256,434",0,"21,369",0,0,0,0,0,0,0,"286,618,040","145,834,303","432,452,343","1,279,572,043","79,406,052","106,631,003","3,677,638","1,014,293","3,443,094","2,564,236","1,941,751","2,881,548","363,652"
Stones River NB,STRI,"190,860","1,551","192,411","220,524",351,"18,377",0,0,0,0,0,0,0,"286,618,040","145,834,303","432,452,343","1,279,572,043","79,406,052","106,631,003","3,677,638","1,014,293","3,443,094","2,564,236","1,941,751","2,881,548","363,652"
Sunset Crater Volcano NM,SUCR,"175,706","12,000","187,706","219,635","3,996","18,302",0,0,0,0,0,0,0,"286,618,040","145,834,303","432,452,343","1,279,572,043","79,406,052","106,631,003","3,677,638","1,014,293","3,443,094","2,564,236","1,941,751","2,881,548","363,652"
Tallgrass Prairie NPRES,TAPR,"19,769",0,"19,769","39,538",0,"3,294",0,0,0,0,0,0,0,"286,618,040","145,834,303","432,452,343","1,279,572,043","79,406,052","106,631,003","3,677,638","1,014,293","3,443,094","2,564,236","1,941,751","2,881,548","363,652"
Thaddeus Kosciuszko NMEM,THKO,"8,451",0,"8,451","2,114",0,176,0,0,0,0,0,0,0,"286,618,040","145,834,303","432,452,343","1,279,572,043","79,406,052","106,631,003","3,677,638","1,014,293","3,443,094","2,564,236","1,941,751","2,881,548","363,652"
Theodore Roosevelt Birthplace NHS,THRB,"21,774","1,104","22,878","23,399","2,372","1,949",0,0,0,0,0,0,0,"286,618,040","145,834,303","432,452,343","1,279,572,043","79,406,052","106,631,003","3,677,638","1,014,293","3,443,094","2,564,236","1,941,751","2,881,548","363,652"
Theodore Roosevelt Inaugural NHS,THRI,"14,208",0,"14,208","32,291",0,"2,690",0,0,0,0,0,0,0,"286,618,040","145,834,303","432,452,343","1,279,572,043","79,406,052","106,631,003","3,677,638","1,014,293","3,443,094","2,564,236","1,941,751","2,881,548","363,652"
Theodore Roosevelt Island,THIS,"177,594",0,"177,594","319,669",0,"26,639",0,0,0,0,0,0,0,"286,618,040","145,834,303","432,452,343","1,279,572,043","79,406,052","106,631,003","3,677,638","1,014,293","3,443,094","2,564,236","1,941,751","2,881,548","363,652"
Theodore Roosevelt NP,THRO,"440,680","6,578","447,258","1,225,079","2,172","102,089",0,0,"10,267","15,050","1,030","2,131",0,"286,618,040","145,834,303","432,452,343","1,279,572,043","79,406,052","106,631,003","3,677,638","1,014,293","3,443,094","2,564,236","1,941,751","2,881,548","363,652"
Thomas Edison NHP,EDIS,"3,558",0,"3,558","5,266",0,438,0,0,0,0,0,0,0,"286,618,040","145,834,303","432,452,343","1,279,572,043","79,406,052","106,631,003","3,677,638","1,014,293","3,443,094","2,564,236","1,941,751","2,881,548","363,652"
Thomas Jefferson MEM,JEFM,"2,021,766",0,"2,021,766","1,010,886",0,"84,240",0,0,0,0,0,0,0,"286,618,040","145,834,303","432,452,343","1,279,572,043","79,406,052","106,631,003","3,677,638","1,014,293","3,443,094","2,564,236","1,941,751","2,881,548","363,652"
Thomas Stone NHS,THST,"3,820",0,"3,820","1,914",0,159,0,0,0,0,0,0,0,"286,618,040","145,834,303","432,452,343","1,279,572,043","79,406,052","106,631,003","3,677,638","1,014,293","3,443,094","2,564,236","1,941,751","2,881,548","363,652"
Timpanogos Cave NM,TICA,"116,835",0,"116,835","313,234",0,"26,102",0,0,0,0,0,0,0,"286,618,040","145,834,303","432,452,343","1,279,572,043","79,406,052","106,631,003","3,677,638","1,014,293","3,443,094","2,564,236","1,941,751","2,881,548","363,652"
Timucuan EHP,TIMU,"648,856",0,"648,856","1,006,065",0,"83,838",0,0,0,0,0,0,0,"286,618,040","145,834,303","432,452,343","1,279,572,043","79,406,052","106,631,003","3,677,638","1,014,293","3,443,094","2,564,236","1,941,751","2,881,548","363,652"
Tonto NM,TONT,"74,829",0,"74,829","115,797",0,"9,649",0,0,0,0,0,0,0,"286,618,040","145,834,303","432,452,343","1,279,572,043","79,406,052","106,631,003","3,677,638","1,014,293","3,443,094","2,564,236","1,941,751","2,881,548","363,652"
Tumacacori NHP,TUMA,"55,680",0,"55,680","37,120",0,"3,093",0,0,0,0,0,0,0,"286,618,040","145,834,303","432,452,343","1,279,572,043","79,406,052","106,631,003","3,677,638","1,014,293","3,443,094","2,564,236","1,941,751","2,881,548","363,652"
Tuskegee Institute NHS,TUIN,"59,114",0,"59,114","112,331",0,"9,360",0,0,0,0,0,0,0,"286,618,040","145,834,303","432,452,343","1,279,572,043","79,406,052","106,631,003","3,677,638","1,014,293","3,443,094","2,564,236","1,941,751","2,881,548","363,652"
Tuzigoot NM,TUZI,"114,254",240,"114,494","85,692",60,"7,141",0,0,0,0,0,0,0,"286,618,040","145,834,303","432,452,343","1,279,572,043","79,406,052","106,631,003","3,677,638","1,014,293","3,443,094","2,564,236","1,941,751","2,881,548","363,652"
Ulysses S. Grant NHS,ULSG,"18,454",0,"18,454","27,683",0,"2,306",0,0,0,0,0,0,0,"286,618,040","145,834,303","432,452,343","1,279,572,043","79,406,052","106,631,003","3,677,638","1,014,293","3,443,094","2,564,236","1,941,751","2,881,548","363,652"
Upper Delaware S&RR,UPDE,"280,459","2,130","282,589","1,170,897",535,"97,574",0,0,0,0,0,0,0,"286,618,040","145,834,303","432,452,343","1,279,572,043","79,406,052","106,631,003","3,677,638","1,014,293","3,443,094","2,564,236","1,941,751","2,881,548","363,652"
Valley Forge NHP,VAFO,"1,295,303","5,900,083","7,195,386","2,653,606","1,180,017","221,133",0,0,0,0,0,"3,500",0,"286,618,040","145,834,303","432,452,343","1,279,572,043","79,406,052","106,631,003","3,677,638","1,014,293","3,443,094","2,564,236","1,941,751","2,881,548","363,652"
Vanderbilt Mansion NHS,VAMA,"382,615",0,"382,615","519,274",0,"43,272",0,0,0,0,0,0,0,"286,618,040","145,834,303","432,452,343","1,279,572,043","79,406,052","106,631,003","3,677,638","1,014,293","3,443,094","2,564,236","1,941,751","2,881,548","363,652"
Vicksburg NMP,VICK,"968,884",0,"968,884","2,122,548",0,"176,879",0,0,0,0,0,455,0,"286,618,040","145,834,303","432,452,343","1,279,572,043","79,406,052","106,631,003","3,677,638","1,014,293","3,443,094","2,564,236","1,941,751","2,881,548","363,652"
Vietnam Veterans MEM,VIVE,"3,935,973",0,"3,935,973","1,967,989",0,"163,999",0,0,0,0,0,0,0,"286,618,040","145,834,303","432,452,343","1,279,572,043","79,406,052","106,631,003","3,677,638","1,014,293","3,443,094","2,564,236","1,941,751","2,881,548","363,652"
Virgin Islands NP,VIIS,"632,704","340,181","972,885","3,891,129","175,698","324,260","15,756","19,702",0,0,0,"153,960","15,396","286,618,040","145,834,303","432,452,343","1,279,572,043","79,406,052","106,631,003","3,677,638","1,014,293","3,443,094","2,564,236","1,941,751","2,881,548","363,652"
Voyageurs NP,VOYA,"220,841","3,711","224,552","1,169,577","1,860","97,464","1,282",0,0,0,"16,716",0,0,"286,618,040","145,834,303","432,452,343","1,279,572,043","79,406,052","106,631,003","3,677,638","1,014,293","3,443,094","2,564,236","1,941,751","2,881,548","363,652"
Walnut Canyon NM,WACA,"114,803",480,"115,283","152,455",240,"12,704",0,0,0,0,0,0,0,"286,618,040","145,834,303","432,452,343","1,279,572,043","79,406,052","106,631,003","3,677,638","1,014,293","3,443,094","2,564,236","1,941,751","2,881,548","363,652"
War in the Pacific NHP,WAPA,"148,830",798,"149,628","206,862",401,"17,238",0,0,0,0,0,0,0,"286,618,040","145,834,303","432,452,343","1,279,572,043","79,406,052","106,631,003","3,677,638","1,014,293","3,443,094","2,564,236","1,941,751","2,881,548","363,652"
Washington Monument,WAMO,"167,562",0,"167,562","167,562",0,"13,963",0,0,0,0,0,0,0,"286,618,040","145,834,303","432,452,343","1,279,572,043","79,406,052","106,631,003","3,677,638","1,014,293","3,443,094","2,564,236","1,941,751","2,881,548","363,652"
Weir Farm NHS,WEFA,"15,361",0,"15,361","27,085",0,"2,257",0,0,0,0,0,0,0,"286,618,040","145,834,303","432,452,343","1,279,572,043","79,406,052","106,631,003","3,677,638","1,014,293","3,443,094","2,564,236","1,941,751","2,881,548","363,652"
Whiskeytown NRA,WHIS,"707,089","6,500","713,589","2,622,348","11,599","218,529",0,"19,272",0,"1,218","2,264","20,180",0,"286,618,040","145,834,303","432,452,343","1,279,572,043","79,406,052","106,631,003","3,677,638","1,014,293","3,443,094","2,564,236","1,941,751","2,881,548","363,652"
White House,WHHO,"1,114,052",0,"1,114,052","815,793",0,"67,982",0,0,0,0,0,0,0,"286,618,040","145,834,303","432,452,343","1,279,572,043","79,406,052","106,631,003","3,677,638","1,014,293","3,443,094","2,564,236","1,941,751","2,881,548","363,652"
White Sands NP,WHSA,"522,174",401,"522,575","780,136","2,933","65,011",0,0,0,0,"1,977",0,0,"286,618,040","145,834,303","432,452,343","1,279,572,043","79,406,052","106,631,003","3,677,638","1,014,293","3,443,094","2,564,236","1,941,751","2,881,548","363,652"
Whitman Mission NHS,WHMI,"67,654",888,"68,542","67,654",444,"5,637",0,0,0,0,0,0,0,"286,618,040","145,834,303","432,452,343","1,279,572,043","79,406,052","106,631,003","3,677,638","1,014,293","3,443,094","2,564,236","1,941,751","2,881,548","363,652"
William Howard Taft NHS,WIHO,"8,134",0,"8,134","8,134",0,677,0,0,0,0,0,0,0,"286,618,040","145,834,303","432,452,343","1,279,572,043","79,406,052","106,631,003","3,677,638","1,014,293","3,443,094","2,564,236","1,941,751","2,881,548","363,652"
Wilson's Creek NB,WICR,"194,541",0,"194,541","401,209",0,"33,434",0,0,0,0,0,0,0,"286,618,040","145,834,303","432,452,343","1,279,572,043","79,406,052","106,631,003","3,677,638","1,014,293","3,443,094","2,564,236","1,941,751","2,881,548","363,652"
Wind Cave NP,WICA,"657,289","203,150","860,439","2,261,933","67,040","188,494",0,0,"5,614","4,215",239,0,0,"286,618,040","145,834,303","432,452,343","1,279,572,043","79,406,052","106,631,003","3,677,638","1,014,293","3,443,094","2,564,236","1,941,751","2,881,548","363,652"
Wolf Trap NP for the Performing Arts,WOTR,"527,596",0,"527,596","2,110,384",0,"175,865",0,0,0,0,0,0,0,"286,618,040","145,834,303","432,452,343","1,279,572,043","79,406,052","106,631,003","3,677,638","1,014,293","3,443,094","2,564,236","1,941,751","2,881,548","363,652"
Women's Rights NHP,WORI,"28,404","1,344","29,748","24,599",672,"2,049",0,0,0,0,0,0,0,"286,618,040","145,834,303","432,452,343","1,279,572,043","79,406,052","106,631,003","3,677,638","1,014,293","3,443,094","2,564,236","1,941,751","2,881,548","363,652"
Wrangell-St. Elias NP & PRES,WRST,"28,331",13,"28,344","1,303,226",156,"108,602",0,0,0,0,"2,209",0,0,"286,618,040","145,834,303","432,452,343","1,279,572,043","79,406,052","106,631,003","3,677,638","1,014,293","3,443,094","2,564,236","1,941,751","2,881,548","363,652"
Wright Brothers NMEM,WRBR,"421,722","2,190","423,912","421,722","1,095","35,143",0,0,0,0,0,0,0,"286,618,040","145,834,303","432,452,343","1,279,572,043","79,406,052","106,631,003","3,677,638","1,014,293","3,443,094","2,564,236","1,941,751","2,881,548","363,652"
Wupatki NM,WUPA,"247,342","6,531","253,873","495,764","3,920","41,313",0,0,0,0,60,0,0,"286,618,040","145,834,303","432,452,343","1,279,572,043","79,406,052","106,631,003","3,677,638","1,014,293","3,443,094","2,564,236","1,941,751","2,881,548","363,652"
Yellowstone NP,YELL,"2,841,290","963,177","3,804,467","62,789,424","540,274","5,232,452","572,890","424,929","75,959","63,146","40,016","18,641",0,"286,618,040","145,834,303","432,452,343","1,279,572,043","79,406,052","106,631,003","3,677,638","1,014,293","3,443,094","2,564,236","1,941,751","2,881,548","363,652"
Yosemite NP,YOSE,"3,388,924","149,877","3,538,801","63,148,680","3,561,393","5,262,390","834,561",0,"469,569","214,144","107,561","24,310",0,"286,618,040","145,834,303","432,452,343","1,279,572,043","79,406,052","106,631,003","3,677,638","1,014,293","3,443,094","2,564,236","1,941,751","2,881,548","363,652"
Yukon-Charley Rivers NPRES,YUCH,"3,954",0,"3,954","389,100",0,"32,425",0,0,0,0,"15,883",0,0,"286,618,040","145,834,303","432,452,343","1,279,572,043","79,406,052","106,631,003","3,677,638","1,014,293","3,443,094","2,564,236","1,941,751","2,881,548","363,652"
Zion NP,ZION,"2,475,585","21,900","2,497,485","16,428,300","5,475","1,369,025","66,067",0,"90,533","57,214","18,940","11,911",0,"286,618,040","145,834,303","432,452,343","1,279,572,043","79,406,052","106,631,003","3,677,638","1,014,293","3,443,094","2,564,236","1,941,751","2,881,548","363,652"