Park2019,parkCode,RecreationalVisits2019,NonRecreationalVisits2019,TotalVisits2019,RecreationVisitorHours2019,NonRecreationVisitorHours2019,VisitorDays2019,ConcessionerLodging2019,ConcessionerCamping2019,TentOvernights2019,RecreationVehicleOvernights2019,BackcountryOvernights2019,MiscellaneousOvernights2019,NonRecreationOvernights2019,TotalRecreationVisits2019,TotalNonRecreationVisits2019,SumOfTotalVisits2019,TotalRecreationVisitorHours2019,TotalNonRecreationVisitorHours2019,TotalVisitorDays2019,TotalConcessionerLodging2019,TotalConcessionerCamping2019,TotalTentOvernights2019,TotalRecreationVehicleOvernights2019,TotalBackcountryOvernights2019,TotalMiscellaneousOvernights2019,TotalNonRecreationOvernights2019
Abraham Lincoln Birthplace NHP,ABLI,"230,666",0,"230,666","230,666",0,"19,222",0,0,0,0,0,0,0,"323,265,923","168,429,126","491,695,049","1,413,762,728","92,171,939","117,813,560","3,181,747","1,219,465","3,470,298","2,422,533","1,924,536","1,370,640","30,131"
Acadia NP,ACAD,"3,484,042","47,100","3,531,142","23,043,108","47,100","1,920,258",0,965,"139,314","56,799","1,263","11,715",0,"323,265,923","168,429,126","491,695,049","1,413,762,728","92,171,939","117,813,560","3,181,747","1,219,465","3,470,298","2,422,533","1,924,536","1,370,640","30,131"
Adams NHP,ADAM,"185,002",210,"185,212","184,651",105,"15,387",0,0,0,0,0,0,0,"323,265,923","168,429,126","491,695,049","1,413,762,728","92,171,939","117,813,560","3,181,747","1,219,465","3,470,298","2,422,533","1,924,536","1,370,640","30,131"
African Burial Ground NM,AFBG,"43,398",0,"43,398","30,202",0,"2,516",0,0,0,0,0,0,0,"323,265,923","168,429,126","491,695,049","1,413,762,728","92,171,939","117,813,560","3,181,747","1,219,465","3,470,298","2,422,533","1,924,536","1,370,640","30,131"
Agate Fossil Beds NM,AGFO,"16,836",0,"16,836","38,135",0,"3,177",0,0,0,0,0,0,0,"323,265,923","168,429,126","491,695,049","1,413,762,728","92,171,939","117,813,560","3,181,747","1,219,465","3,470,298","2,422,533","1,924,536","1,370,640","30,131"
Alibates Flint Quarries NM,ALFL,"8,417",0,"8,417","21,042",0,"1,753",0,0,0,0,0,0,0,"323,265,923","168,429,126","491,695,049","1,413,762,728","92,171,939","117,813,560","3,181,747","1,219,465","3,470,298","2,422,533","1,924,536","1,370,640","30,131"
Allegheny Portage Railroad NHS,ALPO,"186,567",180,"186,747","286,691",48,"23,890",0,0,0,0,0,0,0,"323,265,923","168,429,126","491,695,049","1,413,762,728","92,171,939","117,813,560","3,181,747","1,219,465","3,470,298","2,422,533","1,924,536","1,370,640","30,131"
Amistad NRA,AMIS,"1,137,657","1,128","1,138,785","8,325,754","1,128","693,812",0,0,0,"9,554",0,"1,605",0,"323,265,923","168,429,126","491,695,049","1,413,762,728","92,171,939","117,813,560","3,181,747","1,219,465","3,470,298","2,422,533","1,924,536","1,370,640","30,131"
Andersonville NHS,ANDE,"104,227",0,"104,227","208,454",0,"17,371",0,0,0,0,0,0,0,"323,265,923","168,429,126","491,695,049","1,413,762,728","92,171,939","117,813,560","3,181,747","1,219,465","3,470,298","2,422,533","1,924,536","1,370,640","30,131"
Andrew Johnson NHS,ANJO,"51,092",0,"51,092","27,849",0,"2,320",0,0,0,0,0,0,0,"323,265,923","168,429,126","491,695,049","1,413,762,728","92,171,939","117,813,560","3,181,747","1,219,465","3,470,298","2,422,533","1,924,536","1,370,640","30,131"
Aniakchak NM & PRES,ANIA,100,0,100,"5,520",0,460,0,0,0,0,230,0,0,"323,265,923","168,429,126","491,695,049","1,413,762,728","92,171,939","117,813,560","3,181,747","1,219,465","3,470,298","2,422,533","1,924,536","1,370,640","30,131"
Antietam NB,ANTI,"289,416",0,"289,416","610,756",0,"50,896",0,0,0,0,0,412,0,"323,265,923","168,429,126","491,695,049","1,413,762,728","92,171,939","117,813,560","3,181,747","1,219,465","3,470,298","2,422,533","1,924,536","1,370,640","30,131"
Apostle Islands NL,APIS,"244,252","2,056","246,308","793,751",514,"66,145",0,0,0,0,"7,465","7,644",0,"323,265,923","168,429,126","491,695,049","1,413,762,728","92,171,939","117,813,560","3,181,747","1,219,465","3,470,298","2,422,533","1,924,536","1,370,640","30,131"
Appomattox Court House NHP,APCO,"99,487",0,"99,487","144,495",0,"12,041",0,0,0,0,0,0,0,"323,265,923","168,429,126","491,695,049","1,413,762,728","92,171,939","117,813,560","3,181,747","1,219,465","3,470,298","2,422,533","1,924,536","1,370,640","30,131"
Arches NP,ARCH,"1,661,167",0,"1,661,167","5,916,117",0,"493,009",0,0,"18,647","16,228",395,"3,589",0,"323,265,923","168,429,126","491,695,049","1,413,762,728","92,171,939","117,813,560","3,181,747","1,219,465","3,470,298","2,422,533","1,924,536","1,370,640","30,131"
Arkansas Post NMEM,ARPO,"28,644",0,"28,644","42,968",0,"3,580",0,0,0,0,0,0,0,"323,265,923","168,429,126","491,695,049","1,413,762,728","92,171,939","117,813,560","3,181,747","1,219,465","3,470,298","2,422,533","1,924,536","1,370,640","30,131"
Arlington House The R.E. Lee MEM,ARHO,0,0,0,0,0,0,0,0,0,0,0,0,0,"323,265,923","168,429,126","491,695,049","1,413,762,728","92,171,939","117,813,560","3,181,747","1,219,465","3,470,298","2,422,533","1,924,536","1,370,640","30,131"
Assateague Island NS,ASIS,"2,315,132","3,600","2,318,732","19,694,161","3,600","1,641,180",0,0,"41,162","24,292","1,620","11,093",0,"323,265,923","168,429,126","491,695,049","1,413,762,728","92,171,939","117,813,560","3,181,747","1,219,465","3,470,298","2,422,533","1,924,536","1,370,640","30,131"
Aztec Ruins NM,AZRU,"60,917","2,444","63,361","91,375","2,444","7,614",0,0,0,0,0,0,0,"323,265,923","168,429,126","491,695,049","1,413,762,728","92,171,939","117,813,560","3,181,747","1,219,465","3,470,298","2,422,533","1,924,536","1,370,640","30,131"
Badlands NP,BADL,"968,650","59,390","1,028,040","4,178,071","29,695","348,172","6,942","19,516","3,512",887,"2,504",0,0,"323,265,923","168,429,126","491,695,049","1,413,762,728","92,171,939","117,813,560","3,181,747","1,219,465","3,470,298","2,422,533","1,924,536","1,370,640","30,131"
Bandelier NM,BAND,"198,529",840,"199,369","936,558",216,"78,046",0,0,"4,945","6,612",643,"5,741",0,"323,265,923","168,429,126","491,695,049","1,413,762,728","92,171,939","117,813,560","3,181,747","1,219,465","3,470,298","2,422,533","1,924,536","1,370,640","30,131"
Belmont-Paul Women's Equality NM,BEPA,"9,298",0,"9,298","8,512",0,709,0,0,0,0,0,0,0,"323,265,923","168,429,126","491,695,049","1,413,762,728","92,171,939","117,813,560","3,181,747","1,219,465","3,470,298","2,422,533","1,924,536","1,370,640","30,131"
Bent's Old Fort NHS,BEOL,"22,069",0,"22,069","38,621",0,"3,218",0,0,0,0,0,0,0,"323,265,923","168,429,126","491,695,049","1,413,762,728","92,171,939","117,813,560","3,181,747","1,219,465","3,470,298","2,422,533","1,924,536","1,370,640","30,131"
Bering Land Bridge NPRES,BELA,"2,642","1,128","3,770","7,926","9,024",660,0,0,0,0,"1,123",0,482,"323,265,923","168,429,126","491,695,049","1,413,762,728","92,171,939","117,813,560","3,181,747","1,219,465","3,470,298","2,422,533","1,924,536","1,370,640","30,131"
Big Bend NP,BIBE,"449,827","2,364","452,191","10,078,443","7,092","839,870","49,181","12,746","51,791","25,608","21,078","34,618",0,"323,265,923","168,429,126","491,695,049","1,413,762,728","92,171,939","117,813,560","3,181,747","1,219,465","3,470,298","2,422,533","1,924,536","1,370,640","30,131"
Big Cypress NPRES,BICY,"924,715",0,"924,715","2,963,647",0,"246,970",0,0,"1,880","8,268","3,446",0,0,"323,265,923","168,429,126","491,695,049","1,413,762,728","92,171,939","117,813,560","3,181,747","1,219,465","3,470,298","2,422,533","1,924,536","1,370,640","30,131"
Big Hole NB,BIHO,"43,872",0,"43,872","65,281",0,"5,440",0,0,0,0,0,0,0,"323,265,923","168,429,126","491,695,049","1,413,762,728","92,171,939","117,813,560","3,181,747","1,219,465","3,470,298","2,422,533","1,924,536","1,370,640","30,131"
Big South Fork NRRA,BISO,"755,630",0,"755,630","5,301,957",0,"441,829","2,673",0,"6,564","30,266","8,083","2,826",0,"323,265,923","168,429,126","491,695,049","1,413,762,728","92,171,939","117,813,560","3,181,747","1,219,465","3,470,298","2,422,533","1,924,536","1,370,640","30,131"
Big Thicket NPRES,BITH,"244,065",0,"244,065","797,455",0,"66,454",0,0,0,0,"1,293",0,0,"323,265,923","168,429,126","491,695,049","1,413,762,728","92,171,939","117,813,560","3,181,747","1,219,465","3,470,298","2,422,533","1,924,536","1,370,640","30,131"
Bighorn Canyon NRA,BICA,"254,124","6,900","261,024","1,035,587","3,447","86,298",0,"9,404",11,327,0,0,0,"323,265,923","168,429,126","491,695,049","1,413,762,728","92,171,939","117,813,560","3,181,747","1,219,465","3,470,298","2,422,533","1,924,536","1,370,640","30,131"
Biscayne NP,BISC,"643,368",0,"643,368","2,032,752",0,"169,395",0,0,603,0,0,"3,674",0,"323,265,923","168,429,126","491,695,049","1,413,762,728","92,171,939","117,813,560","3,181,747","1,219,465","3,470,298","2,422,533","1,924,536","1,370,640","30,131"
Black Canyon of the Gunnison NP,BLCA,"426,336",0,"426,336","2,160,919",0,"180,076",0,0,"17,828","11,572","1,871",0,0,"323,265,923","168,429,126","491,695,049","1,413,762,728","92,171,939","117,813,560","3,181,747","1,219,465","3,470,298","2,422,533","1,924,536","1,370,640","30,131"
Blue Ridge PKWY,BLRI,"14,864,684","1,942,260","16,806,944","93,023,352","971,136","7,751,946","51,469",0,"64,816","40,971","1,252","1,294",0,"323,265,923","168,429,126","491,695,049","1,413,762,728","92,171,939","117,813,560","3,181,747","1,219,465","3,470,298","2,422,533","1,924,536","1,370,640","30,131"
Bluestone NSR,BLUE,"37,304",0,"37,304","93,262",0,"7,771",0,0,0,0,0,0,0,"323,265,923","168,429,126","491,695,049","1,413,762,728","92,171,939","117,813,560","3,181,747","1,219,465","3,470,298","2,422,533","1,924,536","1,370,640","30,131"
Booker T. Washington NM,BOWA,"22,949",84,"23,033","46,076",12,"3,839",0,0,0,0,0,0,0,"323,265,923","168,429,126","491,695,049","1,413,762,728","92,171,939","117,813,560","3,181,747","1,219,465","3,470,298","2,422,533","1,924,536","1,370,640","30,131"
Boston African American NHS,BOAF,"419,508",0,"419,508","839,016",0,"69,918",0,0,0,0,0,0,0,"323,265,923","168,429,126","491,695,049","1,413,762,728","92,171,939","117,813,560","3,181,747","1,219,465","3,470,298","2,422,533","1,924,536","1,370,640","30,131"
Boston NHP,BOST,"3,237,952","59,040","3,296,992","2,620,397","10,039","218,366",0,0,0,0,0,0,0,"323,265,923","168,429,126","491,695,049","1,413,762,728","92,171,939","117,813,560","3,181,747","1,219,465","3,470,298","2,422,533","1,924,536","1,370,640","30,131"
Brown v. Board of Education NHS,BRVB,"20,424",0,"20,424","40,848",0,"3,404",0,0,0,0,0,0,0,"323,265,923","168,429,126","491,695,049","1,413,762,728","92,171,939","117,813,560","3,181,747","1,219,465","3,470,298","2,422,533","1,924,536","1,370,640","30,131"
Bryce Canyon NP,BRCA,"2,598,020","416,638","3,014,658","12,665,614","124,992","1,055,467","51,050",0,"29,948","23,472","1,338",334,0,"323,265,923","168,429,126","491,695,049","1,413,762,728","92,171,939","117,813,560","3,181,747","1,219,465","3,470,298","2,422,533","1,924,536","1,370,640","30,131"
Buck Island Reef NM,BUIS,"38,375",0,"38,375","227,200",0,"18,933",0,0,0,0,0,"3,840",0,"323,265,923","168,429,126","491,695,049","1,413,762,728","92,171,939","117,813,560","3,181,747","1,219,465","3,470,298","2,422,533","1,924,536","1,370,640","30,131"
Buffalo NR,BUFF,"1,313,929",0,"1,313,929","6,489,355",0,"540,779","2,914",0,"37,147","10,488","20,174","12,665",0,"323,265,923","168,429,126","491,695,049","1,413,762,728","92,171,939","117,813,560","3,181,747","1,219,465","3,470,298","2,422,533","1,924,536","1,370,640","30,131"
Cabrillo NM,CABR,"741,710","81,792","823,502","1,109,500","20,447","92,458",0,0,0,0,0,0,0,"323,265,923","168,429,126","491,695,049","1,413,762,728","92,171,939","117,813,560","3,181,747","1,219,465","3,470,298","2,422,533","1,924,536","1,370,640","30,131"
Canaveral NS,CANA,"1,726,335",0,"1,726,335","4,369,999",0,"364,166",0,0,0,0,"2,181",0,0,"323,265,923","168,429,126","491,695,049","1,413,762,728","92,171,939","117,813,560","3,181,747","1,219,465","3,470,298","2,422,533","1,924,536","1,370,640","30,131"
Cane River Creole NHP,CARI,"28,682",0,"28,682","57,363",0,"4,780",0,0,0,0,0,0,0,"323,265,923","168,429,126","491,695,049","1,413,762,728","92,171,939","117,813,560","3,181,747","1,219,465","3,470,298","2,422,533","1,924,536","1,370,640","30,131"
Canyon de Chelly NM,CACH,"412,801","594,708","1,007,509","2,852,038","1,189,416","237,669","16,081","14,385",0,0,804,0,0,"323,265,923","168,429,126","491,695,049","1,413,762,728","92,171,939","117,813,560","3,181,747","1,219,465","3,470,298","2,422,533","1,924,536","1,370,640","30,131"
Canyonlands NP,CANY,"734,384",0,"734,384","5,188,134",0,"432,344",0,0,"9,978","8,334","77,865",508,0,"323,265,923","168,429,126","491,695,049","1,413,762,728","92,171,939","117,813,560","3,181,747","1,219,465","3,470,298","2,422,533","1,924,536","1,370,640","30,131"
Cape Cod NS,CACO,"4,001,094","29,548","4,030,642","7,894,511","177,288","657,875","1,697",0,0,0,0,"8,510",0,"323,265,923","168,429,126","491,695,049","1,413,762,728","92,171,939","117,813,560","3,181,747","1,219,465","3,470,298","2,422,533","1,924,536","1,370,640","30,131"
Cape Hatteras NS,CAHA,"2,631,087","139,394","2,770,481","11,752,245","424,483","979,353",0,0,"44,658","44,147",0,"4,412",420,"323,265,923","168,429,126","491,695,049","1,413,762,728","92,171,939","117,813,560","3,181,747","1,219,465","3,470,298","2,422,533","1,924,536","1,370,640","30,131"
Cape Krusenstern NM,CAKR,"16,036","7,800","23,836","45,388","62,400","3,782",0,0,0,0,"6,425",0,"4,375","323,265,923","168,429,126","491,695,049","1,413,762,728","92,171,939","117,813,560","3,181,747","1,219,465","3,470,298","2,422,533","1,924,536","1,370,640","30,131"
Cape Lookout NS,CALO,"444,684","2,820","447,504","1,972,384","8,460","164,365",246,0,0,0,"2,027","7,814",0,"323,265,923","168,429,126","491,695,049","1,413,762,728","92,171,939","117,813,560","3,181,747","1,219,465","3,470,298","2,422,533","1,924,536","1,370,640","30,131"
Capitol Reef NP,CARE,"1,217,792","52,863","1,270,655","1,871,585","52,863","155,965",0,0,"24,702","22,803","4,060","2,523",0,"323,265,923","168,429,126","491,695,049","1,413,762,728","92,171,939","117,813,560","3,181,747","1,219,465","3,470,298","2,422,533","1,924,536","1,370,640","30,131"
Capulin Volcano NM,CAVO,"83,307",408,"83,715","115,957",408,"9,663",0,0,0,0,0,0,0,"323,265,923","168,429,126","491,695,049","1,413,762,728","92,171,939","117,813,560","3,181,747","1,219,465","3,470,298","2,422,533","1,924,536","1,370,640","30,131"
Carl Sandburg Home NHS,CARL,"78,404",0,"78,404","120,352",0,"10,029",0,0,0,0,0,0,0,"323,265,923","168,429,126","491,695,049","1,413,762,728","92,171,939","117,813,560","3,181,747","1,219,465","3,470,298","2,422,533","1,924,536","1,370,640","30,131"
Carlsbad Caverns NP,CAVE,"430,108",0,"430,108","1,658,778",0,"138,231",0,0,0,0,194,0,0,"323,265,923","168,429,126","491,695,049","1,413,762,728","92,171,939","117,813,560","3,181,747","1,219,465","3,470,298","2,422,533","1,924,536","1,370,640","30,131"
Carter G. Woodson Home NHS,CAWO,"2,070",0,"2,070","1,059",0,88,0,0,0,0,0,0,0,"323,265,923","168,429,126","491,695,049","1,413,762,728","92,171,939","117,813,560","3,181,747","1,219,465","3,470,298","2,422,533","1,924,536","1,370,640","30,131"
Casa Grande Ruins NM,CAGR,"62,095","2,160","64,255","84,579",216,"7,048",0,0,0,0,0,0,0,"323,265,923","168,429,126","491,695,049","1,413,762,728","92,171,939","117,813,560","3,181,747","1,219,465","3,470,298","2,422,533","1,924,536","1,370,640","30,131"
Castillo de San Marcos NM,CASA,"638,518",0,"638,518","478,889",0,"39,907",0,0,0,0,0,0,0,"323,265,923","168,429,126","491,695,049","1,413,762,728","92,171,939","117,813,560","3,181,747","1,219,465","3,470,298","2,422,533","1,924,536","1,370,640","30,131"
Castle Clinton NM,CACL,"4,384,657",594,"4,385,251","2,203,434",116,"183,619",0,0,0,0,0,0,0,"323,265,923","168,429,126","491,695,049","1,413,762,728","92,171,939","117,813,560","3,181,747","1,219,465","3,470,298","2,422,533","1,924,536","1,370,640","30,131"
Catoctin Mountain Park,CATO,"296,864","192,234","489,098","1,272,387","22,684","106,032",0,0,"3,851",580,634,"20,425",0,"323,265,923","168,429,126","491,695,049","1,413,762,728","92,171,939","117,813,560","3,181,747","1,219,465","3,470,298","2,422,533","1,924,536","1,370,640","30,131"
Cedar Breaks NM,CEBR,"571,319","52,617","623,936","1,215,212","105,237","101,267",0,0,"2,004","2,028",0,0,0,"323,265,923","168,429,126","491,695,049","1,413,762,728","92,171,939","117,813,560","3,181,747","1,219,465","3,470,298","2,422,533","1,924,536","1,370,640","30,131"
Cesar E. Chavez NM,CECH,"15,338",0,"15,338","7,671",0,639,0,0,0,0,0,0,0,"323,265,923","168,429,126","491,695,049","1,413,762,728","92,171,939","117,813,560","3,181,747","1,219,465","3,470,298","2,422,533","1,924,536","1,370,640","30,131"
Chaco Culture NHP,CHCU,"48,276","10,560","58,836","605,975","10,560","50,497",0,0,"8,468","6,383",0,"1,436",0,"323,265,923","168,429,126","491,695,049","1,413,762,728","92,171,939","117,813,560","3,181,747","1,219,465","3,470,298","2,422,533","1,924,536","1,370,640","30,131"
Chamizal NMEM,CHAM,"40,416","43,013","83,429","56,330","150,545","4,694",0,0,0,0,0,0,0,"323,265,923","168,429,126","491,695,049","1,413,762,728","92,171,939","117,813,560","3,181,747","1,219,465","3,470,298","2,422,533","1,924,536","1,370,640","30,131"
Channel Islands NP,CHIS,"389,577","5,003","394,580","4,853,182","120,082","404,431",0,0,0,0,"24,306","40,887","7,309","323,265,923","168,429,126","491,695,049","1,413,762,728","92,171,939","117,813,560","3,181,747","1,219,465","3,470,298","2,422,533","1,924,536","1,370,640","30,131"
Charles Pinckney NHS,CHPI,"32,716",0,"32,716","65,434",0,"5,452",0,0,0,0,0,0,0,"323,265,923","168,429,126","491,695,049","1,413,762,728","92,171,939","117,813,560","3,181,747","1,219,465","3,470,298","2,422,533","1,924,536","1,370,640","30,131"
Charles Young Buffalo Soldiers NM,CHYO,"16,116",0,"16,116","32,332",0,"2,694",0,0,0,0,0,0,0,"323,265,923","168,429,126","491,695,049","1,413,762,728","92,171,939","117,813,560","3,181,747","1,219,465","3,470,298","2,422,533","1,924,536","1,370,640","30,131"
Chattahoochee River NRA,CHAT,"3,200,353",0,"3,200,353","12,801,408",0,"1,066,784",0,0,0,0,0,0,0,"323,265,923","168,429,126","491,695,049","1,413,762,728","92,171,939","117,813,560","3,181,747","1,219,465","3,470,298","2,422,533","1,924,536","1,370,640","30,131"
Chesapeake & Ohio Canal NHP,CHOH,"5,012,743","11,880","5,024,623","10,287,881","11,880","857,323",0,0,"10,868",630,0,"2,901",0,"323,265,923","168,429,126","491,695,049","1,413,762,728","92,171,939","117,813,560","3,181,747","1,219,465","3,470,298","2,422,533","1,924,536","1,370,640","30,131"
Chickamauga & Chattanooga NMP,CHCH,"960,126","2,075,930","3,036,056","1,854,967","311,388","154,580",0,0,0,0,0,"1,836",0,"323,265,923","168,429,126","491,695,049","1,413,762,728","92,171,939","117,813,560","3,181,747","1,219,465","3,470,298","2,422,533","1,924,536","1,370,640","30,131"
Chickasaw NRA,CHIC,"1,411,892","1,626,532","3,038,424","6,124,588","130,124","510,382",0,0,"56,269","44,970",0,"26,076",0,"323,265,923","168,429,126","491,695,049","1,413,762,728","92,171,939","117,813,560","3,181,747","1,219,465","3,470,298","2,422,533","1,924,536","1,370,640","30,131"
Chiricahua NM,CHIR,"57,658","3,600","61,258","322,085","1,200","26,840",0,0,"6,597","5,298",0,"1,340",0,"323,265,923","168,429,126","491,695,049","1,413,762,728","92,171,939","117,813,560","3,181,747","1,219,465","3,470,298","2,422,533","1,924,536","1,370,640","30,131"
Christiansted NHS,CHRI,"106,848",0,"106,848","62,183",0,"5,181",0,0,0,0,0,0,0,"323,265,923","168,429,126","491,695,049","1,413,762,728","92,171,939","117,813,560","3,181,747","1,219,465","3,470,298","2,422,533","1,924,536","1,370,640","30,131"
City of Rocks NRES,CIRO,"111,680",0,"111,680","390,878",0,"32,573",0,0,0,0,0,0,0,"323,265,923","168,429,126","491,695,049","1,413,762,728","92,171,939","117,813,560","3,181,747","1,219,465","3,470,298","2,422,533","1,924,536","1,370,640","30,131"
Clara Barton NHS,CLBA,"3,575",0,"3,575","3,575",0,297,0,0,0,0,0,0,0,"323,265,923","168,429,126","491,695,049","1,413,762,728","92,171,939","117,813,560","3,181,747","1,219,465","3,470,298","2,422,533","1,924,536","1,370,640","30,131"
Colonial NHP,COLO,"3,315,734","2,107,597","5,423,331","3,483,844","1,053,799","290,320",0,0,0,0,0,0,0,"323,265,923","168,429,126","491,695,049","1,413,762,728","92,171,939","117,813,560","3,181,747","1,219,465","3,470,298","2,422,533","1,924,536","1,370,640","30,131"
Colorado NM,COLM,"402,759","361,588","764,347","1,388,692","180,794","115,724",0,0,"17,126","17,990",279,0,0,"323,265,923","168,429,126","491,695,049","1,413,762,728","92,171,939","117,813,560","3,181,747","1,219,465","3,470,298","2,422,533","1,924,536","1,370,640","30,131"
Congaree NP,CONG,"150,760",0,"150,760","632,979",0,"52,748",0,0,0,0,645,"8,390",0,"323,265,923","168,429,126","491,695,049","1,413,762,728","92,171,939","117,813,560","3,181,747","1,219,465","3,470,298","2,422,533","1,924,536","1,370,640","30,131"
Coronado NMEM,CORO,"110,947","2,508","113,455","133,408","1,248","11,117",0,0,0,0,0,0,0,"323,265,923","168,429,126","491,695,049","1,413,762,728","92,171,939","117,813,560","3,181,747","1,219,465","3,470,298","2,422,533","1,924,536","1,370,640","30,131"
Cowpens NB,COWP,"217,480",0,"217,480","182,736",0,"15,228",0,0,0,0,0,0,0,"323,265,923","168,429,126","491,695,049","1,413,762,728","92,171,939","117,813,560","3,181,747","1,219,465","3,470,298","2,422,533","1,924,536","1,370,640","30,131"
Crater Lake NP,CRLA,"721,690","49,600","771,290","3,452,393","24,800","287,699","33,966","12,478","4,186",0,"2,488",0,0,"323,265,923","168,429,126","491,695,049","1,413,762,728","92,171,939","117,813,560","3,181,747","1,219,465","3,470,298","2,422,533","1,924,536","1,370,640","30,131"
Craters of the Moon NM & PRES,CRMO,"270,980",0,"270,980","786,995",0,"65,582",0,0,"6,125","10,785",73,49,0,"323,265,923","168,429,126","491,695,049","1,413,762,728","92,171,939","117,813,560","3,181,747","1,219,465","3,470,298","2,422,533","1,924,536","1,370,640","30,131"
Cumberland Gap NHP,CUGA,"686,457","7,041,420","7,727,877","1,401,295","5,007,977","116,774",0,0,"2,809","10,945",489,143,0,"323,265,923","168,429,126","491,695,049","1,413,762,728","92,171,939","117,813,560","3,181,747","1,219,465","3,470,298","2,422,533","1,924,536","1,370,640","30,131"
Cumberland Island NS,CUIS,"50,796",0,"50,796","910,050",0,"75,837",0,0,"21,721",0,"4,186",0,0,"323,265,923","168,429,126","491,695,049","1,413,762,728","92,171,939","117,813,560","3,181,747","1,219,465","3,470,298","2,422,533","1,924,536","1,370,640","30,131"
Curecanti NRA,CURE,"831,674",0,"831,674","3,903,435",0,"325,286",0,0,"20,628","42,396",362,"2,858",0,"323,265,923","168,429,126","491,695,049","1,413,762,728","92,171,939","117,813,560","3,181,747","1,219,465","3,470,298","2,422,533","1,924,536","1,370,640","30,131"
Cuyahoga Valley NP,CUVA,"2,237,772",0,"2,237,772","6,590,662",0,"549,221","7,573",0,0,0,0,"1,494",0,"323,265,923","168,429,126","491,695,049","1,413,762,728","92,171,939","117,813,560","3,181,747","1,219,465","3,470,298","2,422,533","1,924,536","1,370,640","30,131"
Dayton Aviation Heritage NHP,DAAV,"89,848",0,"89,848","123,786",0,"10,315",0,0,0,0,0,0,0,"323,265,923","168,429,126","491,695,049","1,413,762,728","92,171,939","117,813,560","3,181,747","1,219,465","3,470,298","2,422,533","1,924,536","1,370,640","30,131"
De Soto NMEM,DESO,"176,042",0,"176,042","290,470",0,"24,205",0,0,0,0,0,0,0,"323,265,923","168,429,126","491,695,049","1,413,762,728","92,171,939","117,813,560","3,181,747","1,219,465","3,470,298","2,422,533","1,924,536","1,370,640","30,131"
Death Valley NP,DEVA,"1,754,899","69,460","1,824,359","11,931,024","104,190","994,252","28,126","4,015","67,614","90,140","1,888",402,0,"323,265,923","168,429,126","491,695,049","1,413,762,728","92,171,939","117,813,560","3,181,747","1,219,465","3,470,298","2,422,533","1,924,536","1,370,640","30,131"
Delaware Water Gap NRA,DEWA,"3,361,735","54,000","3,415,735","14,321,500","27,000","1,193,458",0,"7,507",0,0,"14,444","21,777",0,"323,265,923","168,429,126","491,695,049","1,413,762,728","92,171,939","117,813,560","3,181,747","1,219,465","3,470,298","2,422,533","1,924,536","1,370,640","30,131"
Denali NP & PRES,DENA,"599,073","787,826","1,386,899","6,612,529","196,956","551,044",0,"26,382",0,0,"26,213",0,0,"323,265,923","168,429,126","491,695,049","1,413,762,728","92,171,939","117,813,560","3,181,747","1,219,465","3,470,298","2,422,533","1,924,536","1,370,640","30,131"
Devils Postpile NM,DEPO,"132,743",0,"132,743","464,597",0,"38,716",0,0,0,0,0,0,0,"323,265,923","168,429,126","491,695,049","1,413,762,728","92,171,939","117,813,560","3,181,747","1,219,465","3,470,298","2,422,533","1,924,536","1,370,640","30,131"
Devils Tower NM,DETO,"453,739","3,039","456,778","1,299,224","1,519","108,268",0,0,"5,741","7,399",0,0,0,"323,265,923","168,429,126","491,695,049","1,413,762,728","92,171,939","117,813,560","3,181,747","1,219,465","3,470,298","2,422,533","1,924,536","1,370,640","30,131"
Dinosaur NM,DINO,"294,761",732,"295,493","1,853,135",732,"154,427",0,0,"19,125","16,853","30,868","2,625",0,"323,265,923","168,429,126","491,695,049","1,413,762,728","92,171,939","117,813,560","3,181,747","1,219,465","3,470,298","2,422,533","1,924,536","1,370,640","30,131"
Dry Tortugas NP,DRTO,"70,312","2,712","73,024","578,224","32,544","48,185",0,0,"5,946",0,0,"9,417","2,712","323,265,923","168,429,126","491,695,049","1,413,762,728","92,171,939","117,813,560","3,181,747","1,219,465","3,470,298","2,422,533","1,924,536","1,370,640","30,131"
Edgar Allan Poe NHS,EDAL,"14,951",0,"14,951","14,951",0,"1,245",0,0,0,0,0,0,0,"323,265,923","168,429,126","491,695,049","1,413,762,728","92,171,939","117,813,560","3,181,747","1,219,465","3,470,298","2,422,533","1,924,536","1,370,640","30,131"
Effigy Mounds NM,EFMO,"61,612","1,200","62,812","154,032",204,"12,836",0,0,0,0,0,0,0,"323,265,923","168,429,126","491,695,049","1,413,762,728","92,171,939","117,813,560","3,181,747","1,219,465","3,470,298","2,422,533","1,924,536","1,370,640","30,131"
Eisenhower NHS,EISE,"46,178",0,"46,178","73,884",0,"6,157",0,0,0,0,0,0,0,"323,265,923","168,429,126","491,695,049","1,413,762,728","92,171,939","117,813,560","3,181,747","1,219,465","3,470,298","2,422,533","1,924,536","1,370,640","30,131"
El Malpais NM,ELMA,"154,443",720,"155,163","617,769",180,"51,480",0,0,0,0,0,0,0,"323,265,923","168,429,126","491,695,049","1,413,762,728","92,171,939","117,813,560","3,181,747","1,219,465","3,470,298","2,422,533","1,924,536","1,370,640","30,131"
El Morro NM,ELMO,"67,520","13,986","81,506","219,435","4,614","18,286",0,0,"2,717","1,727",0,0,0,"323,265,923","168,429,126","491,695,049","1,413,762,728","92,171,939","117,813,560","3,181,747","1,219,465","3,470,298","2,422,533","1,924,536","1,370,640","30,131"
Eleanor Roosevelt NHS,ELRO,"50,082",0,"50,082","75,125",0,"6,260",0,0,0,0,0,0,0,"323,265,923","168,429,126","491,695,049","1,413,762,728","92,171,939","117,813,560","3,181,747","1,219,465","3,470,298","2,422,533","1,924,536","1,370,640","30,131"
Eugene O'Neill NHS,EUON,"2,931",81,"3,012","6,298",162,524,0,0,0,0,0,0,0,"323,265,923","168,429,126","491,695,049","1,413,762,728","92,171,939","117,813,560","3,181,747","1,219,465","3,470,298","2,422,533","1,924,536","1,370,640","30,131"
Everglades NP,EVER,"1,063,424","6,000","1,069,424","4,356,669","27,000","363,055",0,"14,651",0,0,"8,712",728,0,"323,265,923","168,429,126","491,695,049","1,413,762,728","92,171,939","117,813,560","3,181,747","1,219,465","3,470,298","2,422,533","1,924,536","1,370,640","30,131"
Federal Hall NMEM,FEHA,"271,620","1,713","273,333","195,227","1,855","16,268",0,0,0,0,0,0,0,"323,265,923","168,429,126","491,695,049","1,413,762,728","92,171,939","117,813,560","3,181,747","1,219,465","3,470,298","2,422,533","1,924,536","1,370,640","30,131"
Fire Island NS,FIIS,"383,072","171,702","554,774","1,483,675","515,106","123,639",0,"5,100",0,0,"3,054","13,020",0,"323,265,923","168,429,126","491,695,049","1,413,762,728","92,171,939","117,813,560","3,181,747","1,219,465","3,470,298","2,422,533","1,924,536","1,370,640","30,131"
First Ladies NHS,FILA,"10,572",0,"10,572","21,144",0,"1,761",0,0,0,0,0,0,0,"323,265,923","168,429,126","491,695,049","1,413,762,728","92,171,939","117,813,560","3,181,747","1,219,465","3,470,298","2,422,533","1,924,536","1,370,640","30,131"
Flight 93 NMEM,FLNI,"405,303",0,"405,303","709,277",0,"59,106",0,0,0,0,0,0,0,"323,265,923","168,429,126","491,695,049","1,413,762,728","92,171,939","117,813,560","3,181,747","1,219,465","3,470,298","2,422,533","1,924,536","1,370,640","30,131"
Florissant Fossil Beds NM,FLFO,"73,834",0,"73,834","90,689",0,"7,557",0,0,0,0,0,0,0,"323,265,923","168,429,126","491,695,049","1,413,762,728","92,171,939","117,813,560","3,181,747","1,219,465","3,470,298","2,422,533","1,924,536","1,370,640","30,131"
Ford's Theatre NHS,FOTH,"572,983","3,230","576,213","803,731","9,690","66,977",0,0,0,0,0,0,0,"323,265,923","168,429,126","491,695,049","1,413,762,728","92,171,939","117,813,560","3,181,747","1,219,465","3,470,298","2,422,533","1,924,536","1,370,640","30,131"
Fort Bowie NHS,FOBO,"7,551",0,"7,551","15,102",0,"1,258",0,0,0,0,0,0,0,"323,265,923","168,429,126","491,695,049","1,413,762,728","92,171,939","117,813,560","3,181,747","1,219,465","3,470,298","2,422,533","1,924,536","1,370,640","30,131"
Fort Caroline NMEM,FOCA,"147,382",0,"147,382","147,382",0,"12,281",0,0,0,0,0,0,0,"323,265,923","168,429,126","491,695,049","1,413,762,728","92,171,939","117,813,560","3,181,747","1,219,465","3,470,298","2,422,533","1,924,536","1,370,640","30,131"
Fort Davis NHS,FODA,"49,364",266,"49,630","103,446","1,438","8,620",0,0,0,0,0,0,0,"323,265,923","168,429,126","491,695,049","1,413,762,728","92,171,939","117,813,560","3,181,747","1,219,465","3,470,298","2,422,533","1,924,536","1,370,640","30,131"
Fort Donelson NB,FODO,"251,565","538,219","789,784","167,590","17,763","13,965",0,0,0,0,0,2,0,"323,265,923","168,429,126","491,695,049","1,413,762,728","92,171,939","117,813,560","3,181,747","1,219,465","3,470,298","2,422,533","1,924,536","1,370,640","30,131"
Fort Frederica NM,FOFR,"190,406","1,800","192,206","192,164",444,"16,013",0,0,0,0,0,0,0,"323,265,923","168,429,126","491,695,049","1,413,762,728","92,171,939","117,813,560","3,181,747","1,219,465","3,470,298","2,422,533","1,924,536","1,370,640","30,131"
Fort Laramie NHS,FOLA,"43,515",365,"43,880","65,269",544,"5,439",0,0,0,0,0,0,0,"323,265,923","168,429,126","491,695,049","1,413,762,728","92,171,939","117,813,560","3,181,747","1,219,465","3,470,298","2,422,533","1,924,536","1,370,640","30,131"
Fort Larned NHS,FOLS,"25,964",0,"25,964","51,928",0,"4,327",0,0,0,0,0,0,0,"323,265,923","168,429,126","491,695,049","1,413,762,728","92,171,939","117,813,560","3,181,747","1,219,465","3,470,298","2,422,533","1,924,536","1,370,640","30,131"
Fort Matanzas NM,FOMA,"602,342",0,"602,342","611,808",0,"50,984",0,0,0,0,0,0,0,"323,265,923","168,429,126","491,695,049","1,413,762,728","92,171,939","117,813,560","3,181,747","1,219,465","3,470,298","2,422,533","1,924,536","1,370,640","30,131"
Fort McHenry NM & HS,FOMC,"483,169",720,"483,889","724,754",360,"60,396",0,0,0,0,0,0,0,"323,265,923","168,429,126","491,695,049","1,413,762,728","92,171,939","117,813,560","3,181,747","1,219,465","3,470,298","2,422,533","1,924,536","1,370,640","30,131"
Fort Necessity NB,FONE,"305,543",120,"305,663","442,270",48,"36,855",0,0,0,0,0,579,0,"323,265,923","168,429,126","491,695,049","1,413,762,728","92,171,939","117,813,560","3,181,747","1,219,465","3,470,298","2,422,533","1,924,536","1,370,640","30,131"
Fort Point NHS,FOPO,"1,422,665",0,"1,422,665","798,272",0,"66,522",0,0,0,0,0,0,0,"323,265,923","168,429,126","491,695,049","1,413,762,728","92,171,939","117,813,560","3,181,747","1,219,465","3,470,298","2,422,533","1,924,536","1,370,640","30,131"
Fort Pulaski NM,FOPU,"360,945","19,476","380,421","902,360","4,872","75,196",0,0,0,0,0,0,0,"323,265,923","168,429,126","491,695,049","1,413,762,728","92,171,939","117,813,560","3,181,747","1,219,465","3,470,298","2,422,533","1,924,536","1,370,640","30,131"
Fort Raleigh NHS,FORA,"248,568","1,344","249,912","361,596","1,344","30,133",0,0,0,0,0,0,0,"323,265,923","168,429,126","491,695,049","1,413,762,728","92,171,939","117,813,560","3,181,747","1,219,465","3,470,298","2,422,533","1,924,536","1,370,640","30,131"
Fort Scott NHS,FOSC,"22,901",360,"23,261","34,350",118,"2,862",0,0,0,0,0,0,0,"323,265,923","168,429,126","491,695,049","1,413,762,728","92,171,939","117,813,560","3,181,747","1,219,465","3,470,298","2,422,533","1,924,536","1,370,640","30,131"
Fort Smith NHS,FOSM,"138,220",0,"138,220","85,230",0,"7,102",0,0,0,0,0,0,0,"323,265,923","168,429,126","491,695,049","1,413,762,728","92,171,939","117,813,560","3,181,747","1,219,465","3,470,298","2,422,533","1,924,536","1,370,640","30,131"
Fort Stanwix NM,FOST,"97,230",0,"97,230","145,844",0,"12,153",0,0,0,0,0,0,0,"323,265,923","168,429,126","491,695,049","1,413,762,728","92,171,939","117,813,560","3,181,747","1,219,465","3,470,298","2,422,533","1,924,536","1,370,640","30,131"
Fort Sumter and Fort Moultrie NHP,FOSU,"845,483",0,"845,483","2,044,673",0,"170,389",0,0,0,0,0,1,0,"323,265,923","168,429,126","491,695,049","1,413,762,728","92,171,939","117,813,560","3,181,747","1,219,465","3,470,298","2,422,533","1,924,536","1,370,640","30,131"
Fort Union NM,FOUN,"10,885",220,"11,105","12,844",22,"1,070",0,0,0,0,0,0,0,"323,265,923","168,429,126","491,695,049","1,413,762,728","92,171,939","117,813,560","3,181,747","1,219,465","3,470,298","2,422,533","1,924,536","1,370,640","30,131"
Fort Union Trading Post NHS,FOUS,"12,811",503,"13,314","15,566",124,"1,297",0,0,0,0,0,0,0,"323,265,923","168,429,126","491,695,049","1,413,762,728","92,171,939","117,813,560","3,181,747","1,219,465","3,470,298","2,422,533","1,924,536","1,370,640","30,131"
Fort Vancouver NHS,FOVA,"944,024","72,000","1,016,024","1,019,754","576,000","84,979",0,0,0,0,0,0,0,"323,265,923","168,429,126","491,695,049","1,413,762,728","92,171,939","117,813,560","3,181,747","1,219,465","3,470,298","2,422,533","1,924,536","1,370,640","30,131"
Fort Washington Park,FOWA,"427,010",0,"427,010","1,690,588",0,"140,882",0,0,0,0,0,0,0,"323,265,923","168,429,126","491,695,049","1,413,762,728","92,171,939","117,813,560","3,181,747","1,219,465","3,470,298","2,422,533","1,924,536","1,370,640","30,131"
Fossil Butte NM,FOBU,"20,340",307,"20,647","27,575",208,"2,297",0,0,0,0,0,0,0,"323,265,923","168,429,126","491,695,049","1,413,762,728","92,171,939","117,813,560","3,181,747","1,219,465","3,470,298","2,422,533","1,924,536","1,370,640","30,131"
Franklin Delano Roosevelt MEM,FRDE,"3,293,268",0,"3,293,268","1,646,636",0,"137,219",0,0,0,0,0,0,0,"323,265,923","168,429,126","491,695,049","1,413,762,728","92,171,939","117,813,560","3,181,747","1,219,465","3,470,298","2,422,533","1,924,536","1,370,640","30,131"
Frederick Douglass NHS,FRDO,"60,878",0,"60,878","60,878",0,"5,073",0,0,0,0,0,0,0,"323,265,923","168,429,126","491,695,049","1,413,762,728","92,171,939","117,813,560","3,181,747","1,219,465","3,470,298","2,422,533","1,924,536","1,370,640","30,131"
Frederick Law Olmsted NHS,FRLA,"7,917",569,"8,486","15,834","1,118","1,319",0,0,0,0,0,0,0,"323,265,923","168,429,126","491,695,049","1,413,762,728","92,171,939","117,813,560","3,181,747","1,219,465","3,470,298","2,422,533","1,924,536","1,370,640","30,131"
Fredericksburg & Spotsylvania NMP,FRSP,"903,066","1,392,159","2,295,225","421,145","167,849","35,095",0,0,0,0,0,0,0,"323,265,923","168,429,126","491,695,049","1,413,762,728","92,171,939","117,813,560","3,181,747","1,219,465","3,470,298","2,422,533","1,924,536","1,370,640","30,131"
Friendship Hill NHS,FRHI,"34,059",0,"34,059","79,587",0,"6,632",0,0,0,0,0,0,0,"323,265,923","168,429,126","491,695,049","1,413,762,728","92,171,939","117,813,560","3,181,747","1,219,465","3,470,298","2,422,533","1,924,536","1,370,640","30,131"
Gates of the Arctic NP & PRES,GAAR,"10,519",0,"10,519","102,366",0,"8,530",0,0,0,0,"4,058",0,0,"323,265,923","168,429,126","491,695,049","1,413,762,728","92,171,939","117,813,560","3,181,747","1,219,465","3,470,298","2,422,533","1,924,536","1,370,640","30,131"
Gateway Arch NP,JEFF,"2,039,451",0,"2,039,451","8,157,801",0,"679,816",0,0,0,0,0,0,0,"323,265,923","168,429,126","491,695,049","1,413,762,728","92,171,939","117,813,560","3,181,747","1,219,465","3,470,298","2,422,533","1,924,536","1,370,640","30,131"
Gateway NRA,GATE,"9,410,014","1,134,526","10,544,540","25,669,605","2,269,053","2,139,133",0,0,"15,684","3,211",0,"2,032",0,"323,265,923","168,429,126","491,695,049","1,413,762,728","92,171,939","117,813,560","3,181,747","1,219,465","3,470,298","2,422,533","1,924,536","1,370,640","30,131"
Gauley River NRA,GARI,"114,556",0,"114,556","366,767",0,"30,563",0,0,"3,950","1,388",0,0,0,"323,265,923","168,429,126","491,695,049","1,413,762,728","92,171,939","117,813,560","3,181,747","1,219,465","3,470,298","2,422,533","1,924,536","1,370,640","30,131"
General Grant NMEM,GEGR,"103,577",120,"103,697","55,038",71,"4,586",0,0,0,0,0,0,0,"323,265,923","168,429,126","491,695,049","1,413,762,728","92,171,939","117,813,560","3,181,747","1,219,465","3,470,298","2,422,533","1,924,536","1,370,640","30,131"
George Rogers Clark NHP,GERO,"136,447",0,"136,447","182,839",0,"15,236",0,0,0,0,0,0,0,"323,265,923","168,429,126","491,695,049","1,413,762,728","92,171,939","117,813,560","3,181,747","1,219,465","3,470,298","2,422,533","1,924,536","1,370,640","30,131"
George Washington Birthplace NM,GEWA,"120,272","7,200","127,472","374,730","7,200","31,227",0,0,0,0,0,0,0,"323,265,923","168,429,126","491,695,049","1,413,762,728","92,171,939","117,813,560","3,181,747","1,219,465","3,470,298","2,422,533","1,924,536","1,370,640","30,131"
George Washington Carver NM,GWCA,"48,050",0,"48,050","62,466",0,"5,205",0,0,0,0,0,0,0,"323,265,923","168,429,126","491,695,049","1,413,762,728","92,171,939","117,813,560","3,181,747","1,219,465","3,470,298","2,422,533","1,924,536","1,370,640","30,131"
George Washington MEM PKWY,GWMP,"7,268,180","36,244,789","43,512,969","7,854,258","18,122,393","654,521",0,0,0,0,0,0,0,"323,265,923","168,429,126","491,695,049","1,413,762,728","92,171,939","117,813,560","3,181,747","1,219,465","3,470,298","2,422,533","1,924,536","1,370,640","30,131"
Gettysburg NMP,GETT,"932,187","74,400","1,006,587","4,138,732","12,348","344,894",0,0,0,0,0,"7,751",0,"323,265,923","168,429,126","491,695,049","1,413,762,728","92,171,939","117,813,560","3,181,747","1,219,465","3,470,298","2,422,533","1,924,536","1,370,640","30,131"
Gila Cliff Dwellings NM,GICL,"66,545",0,"66,545","99,816",0,"8,318",0,0,0,0,0,0,0,"323,265,923","168,429,126","491,695,049","1,413,762,728","92,171,939","117,813,560","3,181,747","1,219,465","3,470,298","2,422,533","1,924,536","1,370,640","30,131"
Glacier Bay NP & PRES,GLBA,"668,226",383,"668,609","8,517,950","72,140","709,829","14,408",0,744,0,"4,284","14,968","2,950","323,265,923","168,429,126","491,695,049","1,413,762,728","92,171,939","117,813,560","3,181,747","1,219,465","3,470,298","2,422,533","1,924,536","1,370,640","30,131"
Glacier NP,GLAC,"3,067,697","13,107","3,080,804","34,073,295","113,638","2,839,441","119,960",0,"118,714","126,639","34,908",926,0,"323,265,923","168,429,126","491,695,049","1,413,762,728","92,171,939","117,813,560","3,181,747","1,219,465","3,470,298","2,422,533","1,924,536","1,370,640","30,131"
Glen Canyon NRA,GLCA,"4,222,157","35,303","4,257,460","42,523,967","423,633","3,543,663","66,732","77,603","13,345","3,891","72,729","609,660",0,"323,265,923","168,429,126","491,695,049","1,413,762,728","92,171,939","117,813,560","3,181,747","1,219,465","3,470,298","2,422,533","1,924,536","1,370,640","30,131"
Golden Gate NRA,GOGA,"14,808,750",0,"14,808,750","38,943,575",0,"3,245,297","45,875",0,"3,078",0,723,"8,670",0,"323,265,923","168,429,126","491,695,049","1,413,762,728","92,171,939","117,813,560","3,181,747","1,219,465","3,470,298","2,422,533","1,924,536","1,370,640","30,131"
Golden Spike NHP,GOSP,"108,141","31,000","139,141","263,304","15,500","21,941",0,0,0,0,0,0,0,"323,265,923","168,429,126","491,695,049","1,413,762,728","92,171,939","117,813,560","3,181,747","1,219,465","3,470,298","2,422,533","1,924,536","1,370,640","30,131"
Governors Island NM,GOIS,"603,848",0,"603,848","1,207,696",0,"100,641",0,0,0,0,0,0,0,"323,265,923","168,429,126","491,695,049","1,413,762,728","92,171,939","117,813,560","3,181,747","1,219,465","3,470,298","2,422,533","1,924,536","1,370,640","30,131"
Grand Canyon NP,GRCA,"6,083,555","21,084","6,104,639","95,761,456","21,084","7,980,121","595,064","46,722","121,305","64,085","329,182","25,308",0,"323,265,923","168,429,126","491,695,049","1,413,762,728","92,171,939","117,813,560","3,181,747","1,219,465","3,470,298","2,422,533","1,924,536","1,370,640","30,131"
Grand Portage NM,GRPO,"94,190",0,"94,190","207,253",0,"17,271",0,0,0,0,47,0,0,"323,265,923","168,429,126","491,695,049","1,413,762,728","92,171,939","117,813,560","3,181,747","1,219,465","3,470,298","2,422,533","1,924,536","1,370,640","30,131"
Grand Teton NP,GRTE,"3,425,547","1,609,982","5,035,529","21,214,928","1,609,982","1,767,910","213,255","311,482",0,0,"36,174",26,0,"323,265,923","168,429,126","491,695,049","1,413,762,728","92,171,939","117,813,560","3,181,747","1,219,465","3,470,298","2,422,533","1,924,536","1,370,640","30,131"
Grant-Kohrs Ranch NHS,GRKO,"26,038",0,"26,038","32,028",0,"2,669",0,0,0,0,0,0,0,"323,265,923","168,429,126","491,695,049","1,413,762,728","92,171,939","117,813,560","3,181,747","1,219,465","3,470,298","2,422,533","1,924,536","1,370,640","30,131"
Great Basin NP,GRBA,"131,795",782,"132,577","1,296,335",392,"108,027",0,0,"21,074","18,029",60,324,0,"323,265,923","168,429,126","491,695,049","1,413,762,728","92,171,939","117,813,560","3,181,747","1,219,465","3,470,298","2,422,533","1,924,536","1,370,640","30,131"
Great Sand Dunes NP & PRES,GRSA,"526,006",470,"526,476","2,705,005",470,"225,417",0,0,"29,287","21,503","4,963","7,761",0,"323,265,923","168,429,126","491,695,049","1,413,762,728","92,171,939","117,813,560","3,181,747","1,219,465","3,470,298","2,422,533","1,924,536","1,370,640","30,131"
Great Smoky Mountains NP,GRSM,"12,338,812","10,544,367","22,883,179","89,753,515","5,272,185","7,479,459","10,958",0,"153,560","112,883","94,212","19,056",0,"323,265,923","168,429,126","491,695,049","1,413,762,728","92,171,939","117,813,560","3,181,747","1,219,465","3,470,298","2,422,533","1,924,536","1,370,640","30,131"
Greenbelt Park,GREE,"131,071",0,"131,071","587,885",0,"48,990",0,0,"6,988","7,800",0,627,0,"323,265,923","168,429,126","491,695,049","1,413,762,728","92,171,939","117,813,560","3,181,747","1,219,465","3,470,298","2,422,533","1,924,536","1,370,640","30,131"
Guadalupe Mountains NP,GUMO,"183,004","1,080","184,084","456,739","1,080","38,061",0,0,"10,235","5,781","3,031","1,445",0,"323,265,923","168,429,126","491,695,049","1,413,762,728","92,171,939","117,813,560","3,181,747","1,219,465","3,470,298","2,422,533","1,924,536","1,370,640","30,131"
Guilford Courthouse NMP,GUCO,"216,198","4,048,570","4,264,768","139,175","33,604","11,597",0,0,0,0,0,14,0,"323,265,923","168,429,126","491,695,049","1,413,762,728","92,171,939","117,813,560","3,181,747","1,219,465","3,470,298","2,422,533","1,924,536","1,370,640","30,131"
Gulf Islands NS,GUIS,"5,011,962","111,672","5,123,634","16,573,231","21,362","1,381,102",0,0,"35,277","135,980",0,"4,271",0,"323,265,923","168,429,126","491,695,049","1,413,762,728","92,171,939","117,813,560","3,181,747","1,219,465","3,470,298","2,422,533","1,924,536","1,370,640","30,131"
Hagerman Fossil Beds NM,HAFO,"23,897",0,"23,897","35,844",0,"2,987",0,0,0,0,0,0,0,"323,265,923","168,429,126","491,695,049","1,413,762,728","92,171,939","117,813,560","3,181,747","1,219,465","3,470,298","2,422,533","1,924,536","1,370,640","30,131"
Haleakala NP,HALE,"949,365","22,392","971,757","2,209,535","20,160","184,127",0,0,"7,749",0,"1,578","2,371",0,"323,265,923","168,429,126","491,695,049","1,413,762,728","92,171,939","117,813,560","3,181,747","1,219,465","3,470,298","2,422,533","1,924,536","1,370,640","30,131"
Hamilton Grange NMEM,HAGR,"60,981",92,"61,073","47,282",6,"3,940",0,0,0,0,0,0,0,"323,265,923","168,429,126","491,695,049","1,413,762,728","92,171,939","117,813,560","3,181,747","1,219,465","3,470,298","2,422,533","1,924,536","1,370,640","30,131"
Hampton NHS,HAMP,"27,056",600,"27,656","40,583",600,"3,381",0,0,0,0,0,0,0,"323,265,923","168,429,126","491,695,049","1,413,762,728","92,171,939","117,813,560","3,181,747","1,219,465","3,470,298","2,422,533","1,924,536","1,370,640","30,131"
Harpers Ferry NHP,HAFE,"296,448",0,"296,448","1,185,788",0,"98,815",0,0,0,0,0,0,0,"323,265,923","168,429,126","491,695,049","1,413,762,728","92,171,939","117,813,560","3,181,747","1,219,465","3,470,298","2,422,533","1,924,536","1,370,640","30,131"
Harry S Truman NHS,HSTR,"30,353",0,"30,353","22,889",0,"1,907",0,0,0,0,0,0,0,"323,265,923","168,429,126","491,695,049","1,413,762,728","92,171,939","117,813,560","3,181,747","1,219,465","3,470,298","2,422,533","1,924,536","1,370,640","30,131"
Hawaii Volcanoes NP,HAVO,"1,346,745","1,848,850","3,195,595","8,197,658","610,120","683,138","20,012","3,175",791,17,"3,174","52,550",0,"323,265,923","168,429,126","491,695,049","1,413,762,728","92,171,939","117,813,560","3,181,747","1,219,465","3,470,298","2,422,533","1,924,536","1,370,640","30,131"
Herbert Hoover NHS,HEHO,"128,416","18,000","146,416","128,416","1,200","10,701",0,0,0,0,0,0,0,"323,265,923","168,429,126","491,695,049","1,413,762,728","92,171,939","117,813,560","3,181,747","1,219,465","3,470,298","2,422,533","1,924,536","1,370,640","30,131"
Home of Franklin D. Roosevelt NHS,HOFR,"147,383",0,"147,383","237,314",0,"19,776",0,0,0,0,0,0,0,"323,265,923","168,429,126","491,695,049","1,413,762,728","92,171,939","117,813,560","3,181,747","1,219,465","3,470,298","2,422,533","1,924,536","1,370,640","30,131"
Homestead NM of America,HOME,"62,360","357,566","419,926","105,285","57,211","8,773",0,0,0,0,0,0,0,"323,265,923","168,429,126","491,695,049","1,413,762,728","92,171,939","117,813,560","3,181,747","1,219,465","3,470,298","2,422,533","1,924,536","1,370,640","30,131"
Hopewell Culture NHP,HOCU,"60,862",0,"60,862","121,726",0,"10,143",0,0,0,0,0,0,0,"323,265,923","168,429,126","491,695,049","1,413,762,728","92,171,939","117,813,560","3,181,747","1,219,465","3,470,298","2,422,533","1,924,536","1,370,640","30,131"
Hopewell Furnace NHS,HOFU,"51,351",600,"51,951","61,622",300,"5,135",0,0,0,0,0,0,0,"323,265,923","168,429,126","491,695,049","1,413,762,728","92,171,939","117,813,560","3,181,747","1,219,465","3,470,298","2,422,533","1,924,536","1,370,640","30,131"
Horseshoe Bend NMP,HOBE,"43,997","260,822","304,819","130,217","86,932","10,851",0,0,0,0,0,0,0,"323,265,923","168,429,126","491,695,049","1,413,762,728","92,171,939","117,813,560","3,181,747","1,219,465","3,470,298","2,422,533","1,924,536","1,370,640","30,131"
Hot Springs NP,HOSP,"1,463,873","2,227,125","3,690,998","1,306,075","445,425","108,839",0,0,"1,509","21,947",0,0,0,"323,265,923","168,429,126","491,695,049","1,413,762,728","92,171,939","117,813,560","3,181,747","1,219,465","3,470,298","2,422,533","1,924,536","1,370,640","30,131"
Hovenweep NM,HOVE,"35,334",300,"35,634","121,671",60,"10,139",0,0,858,"1,267",0,0,0,"323,265,923","168,429,126","491,695,049","1,413,762,728","92,171,939","117,813,560","3,181,747","1,219,465","3,470,298","2,422,533","1,924,536","1,370,640","30,131"
Hubbell Trading Post NHS,HUTR,"42,742","4,584","47,326","22,083","1,056","1,840",0,0,0,0,0,0,0,"323,265,923","168,429,126","491,695,049","1,413,762,728","92,171,939","117,813,560","3,181,747","1,219,465","3,470,298","2,422,533","1,924,536","1,370,640","30,131"
Independence NHP,INDE,"4,424,194",0,"4,424,194","6,689,876",0,"557,489",0,0,0,0,0,0,0,"323,265,923","168,429,126","491,695,049","1,413,762,728","92,171,939","117,813,560","3,181,747","1,219,465","3,470,298","2,422,533","1,924,536","1,370,640","30,131"
Indiana Dunes NP,INDU,"2,089,792","4,384","2,094,176","5,608,523","2,190","467,376",0,0,"15,761","5,702",0,0,0,"323,265,923","168,429,126","491,695,049","1,413,762,728","92,171,939","117,813,560","3,181,747","1,219,465","3,470,298","2,422,533","1,924,536","1,370,640","30,131"
Isle Royale NP,ISRO,"26,483",293,"26,776","1,337,377","26,420","111,448","12,308",172,"4,907",0,"26,934","9,961","1,083","323,265,923","168,429,126","491,695,049","1,413,762,728","92,171,939","117,813,560","3,181,747","1,219,465","3,470,298","2,422,533","1,924,536","1,370,640","30,131"
James A. Garfield NHS,JAGA,"41,274",0,"41,274","82,548",0,"6,879",0,0,0,0,0,0,0,"323,265,923","168,429,126","491,695,049","1,413,762,728","92,171,939","117,813,560","3,181,747","1,219,465","3,470,298","2,422,533","1,924,536","1,370,640","30,131"
Jean Lafitte NHP & PRES,JELA,"568,221","192,000","760,221","1,214,679","91,320","101,223",0,0,0,0,0,0,0,"323,265,923","168,429,126","491,695,049","1,413,762,728","92,171,939","117,813,560","3,181,747","1,219,465","3,470,298","2,422,533","1,924,536","1,370,640","30,131"
Jewel Cave NM,JECA,"126,198",182,"126,380","322,248",182,"26,854",0,0,0,0,0,0,0,"323,265,923","168,429,126","491,695,049","1,413,762,728","92,171,939","117,813,560","3,181,747","1,219,465","3,470,298","2,422,533","1,924,536","1,370,640","30,131"
Jimmy Carter NHS,JICA,"51,174",0,"51,174","59,038",0,"4,919",0,0,0,0,0,0,0,"323,265,923","168,429,126","491,695,049","1,413,762,728","92,171,939","117,813,560","3,181,747","1,219,465","3,470,298","2,422,533","1,924,536","1,370,640","30,131"
"John D. Rockefeller, Jr. MEM PKWY",JODR,"1,431,078","10,800","1,441,878","1,704,363","2,700","142,030","8,588","4,743",0,0,0,0,0,"323,265,923","168,429,126","491,695,049","1,413,762,728","92,171,939","117,813,560","3,181,747","1,219,465","3,470,298","2,422,533","1,924,536","1,370,640","30,131"
John Day Fossil Beds NM,JODA,"190,276",840,"191,116","220,719",84,"18,393",0,0,0,0,0,0,0,"323,265,923","168,429,126","491,695,049","1,413,762,728","92,171,939","117,813,560","3,181,747","1,219,465","3,470,298","2,422,533","1,924,536","1,370,640","30,131"
John F. Kennedy NHS,JOFI,"24,083",0,"24,083","12,041",0,"1,003",0,0,0,0,0,0,0,"323,265,923","168,429,126","491,695,049","1,413,762,728","92,171,939","117,813,560","3,181,747","1,219,465","3,470,298","2,422,533","1,924,536","1,370,640","30,131"
John Muir NHS,JOMU,"41,315",91,"41,406","61,973",23,"5,164",0,0,0,0,0,0,0,"323,265,923","168,429,126","491,695,049","1,413,762,728","92,171,939","117,813,560","3,181,747","1,219,465","3,470,298","2,422,533","1,924,536","1,370,640","30,131"
Johnstown Flood NMEM,JOFL,"178,125","161,681","339,806","189,603","4,850","15,800",0,0,0,0,0,0,0,"323,265,923","168,429,126","491,695,049","1,413,762,728","92,171,939","117,813,560","3,181,747","1,219,465","3,470,298","2,422,533","1,924,536","1,370,640","30,131"
Joshua Tree NP,JOTR,"2,963,070","10,569","2,973,639","17,386,626","10,569","1,448,885",0,0,"218,848","72,345","19,540","68,018",0,"323,265,923","168,429,126","491,695,049","1,413,762,728","92,171,939","117,813,560","3,181,747","1,219,465","3,470,298","2,422,533","1,924,536","1,370,640","30,131"
Kalaupapa NHP,KALA,"70,411",0,"70,411","174,488",0,"14,540",0,0,0,0,0,0,0,"323,265,923","168,429,126","491,695,049","1,413,762,728","92,171,939","117,813,560","3,181,747","1,219,465","3,470,298","2,422,533","1,924,536","1,370,640","30,131"
Kaloko Honokohau NHP,KAHO,"227,622",0,"227,622","511,655",0,"42,637",0,0,0,0,0,0,0,"323,265,923","168,429,126","491,695,049","1,413,762,728","92,171,939","117,813,560","3,181,747","1,219,465","3,470,298","2,422,533","1,924,536","1,370,640","30,131"
Katmai NP & PRES,KATM,"84,167",0,"84,167","256,193",0,"21,349","4,268",0,"2,537",0,458,0,0,"323,265,923","168,429,126","491,695,049","1,413,762,728","92,171,939","117,813,560","3,181,747","1,219,465","3,470,298","2,422,533","1,924,536","1,370,640","30,131"
Kenai Fjords NP,KEFJ,"355,672",0,"355,672","1,173,766",0,"97,813",0,0,"1,076",0,552,0,0,"323,265,923","168,429,126","491,695,049","1,413,762,728","92,171,939","117,813,560","3,181,747","1,219,465","3,470,298","2,422,533","1,924,536","1,370,640","30,131"
Kennesaw Mountain NBP,KEMO,"2,765,130","25,255,295","28,020,425","4,343,568","4,040,847","361,964",0,0,0,0,0,0,0,"323,265,923","168,429,126","491,695,049","1,413,762,728","92,171,939","117,813,560","3,181,747","1,219,465","3,470,298","2,422,533","1,924,536","1,370,640","30,131"
Keweenaw NHP,KEWE,"20,153",881,"21,034","36,032",881,"3,002",0,0,0,0,0,0,0,"323,265,923","168,429,126","491,695,049","1,413,762,728","92,171,939","117,813,560","3,181,747","1,219,465","3,470,298","2,422,533","1,924,536","1,370,640","30,131"
Kings Canyon NP,KICA,"650,379","27,943","678,322","21,198,481","111,772","1,766,540","57,185",0,"102,860","31,686","15,460","2,411",0,"323,265,923","168,429,126","491,695,049","1,413,762,728","92,171,939","117,813,560","3,181,747","1,219,465","3,470,298","2,422,533","1,924,536","1,370,640","30,131"
Kings Mountain NMP,KIMO,"275,842","266,620","542,462","231,875","44,418","19,322",0,0,0,0,50,0,0,"323,265,923","168,429,126","491,695,049","1,413,762,728","92,171,939","117,813,560","3,181,747","1,219,465","3,470,298","2,422,533","1,924,536","1,370,640","30,131"
Klondike Gold Rush NHP Alaska,KLGO,"1,116,825",0,"1,116,825","4,598,408",0,"383,200",0,0,"1,790",0,"5,821",0,0,"323,265,923","168,429,126","491,695,049","1,413,762,728","92,171,939","117,813,560","3,181,747","1,219,465","3,470,298","2,422,533","1,924,536","1,370,640","30,131"
Klondike Gold Rush NHP Seattle,KLSE,"104,660",0,"104,660","183,155",0,"15,262",0,0,0,0,0,0,0,"323,265,923","168,429,126","491,695,049","1,413,762,728","92,171,939","117,813,560","3,181,747","1,219,465","3,470,298","2,422,533","1,924,536","1,370,640","30,131"
Knife River Indian Villages NHS,KNRI,"10,501",535,"11,036","15,098",271,"1,258",0,0,0,0,0,0,0,"323,265,923","168,429,126","491,695,049","1,413,762,728","92,171,939","117,813,560","3,181,747","1,219,465","3,470,298","2,422,533","1,924,536","1,370,640","30,131"
Kobuk Valley NP,KOVA,"15,576","7,750","23,326","58,224","62,000","4,852",0,0,0,0,"7,050",0,"5,350","323,265,923","168,429,126","491,695,049","1,413,762,728","92,171,939","117,813,560","3,181,747","1,219,465","3,470,298","2,422,533","1,924,536","1,370,640","30,131"
Korean War Veterans Memorial,KOWA,"3,863,702",0,"3,863,702","1,931,850",0,"160,987",0,0,0,0,0,0,0,"323,265,923","168,429,126","491,695,049","1,413,762,728","92,171,939","117,813,560","3,181,747","1,219,465","3,470,298","2,422,533","1,924,536","1,370,640","30,131"
Lake Chelan NRA,LACH,"39,509",0,"39,509","529,534",0,"44,127","9,514",0,0,0,"7,452",0,0,"323,265,923","168,429,126","491,695,049","1,413,762,728","92,171,939","117,813,560","3,181,747","1,219,465","3,470,298","2,422,533","1,924,536","1,370,640","30,131"
Lake Clark NP & PRES,LACL,"17,647",0,"17,647","52,058",0,"4,338",0,0,0,0,762,0,0,"323,265,923","168,429,126","491,695,049","1,413,762,728","92,171,939","117,813,560","3,181,747","1,219,465","3,470,298","2,422,533","1,924,536","1,370,640","30,131"
Lake Mead NRA,LAKE,"7,498,260","271,958","7,770,218","59,285,220","1,631,746","4,940,435","30,718","102,919","120,360","153,186","202,900","48,937",0,"323,265,923","168,429,126","491,695,049","1,413,762,728","92,171,939","117,813,560","3,181,747","1,219,465","3,470,298","2,422,533","1,924,536","1,370,640","30,131"
Lake Meredith NRA,LAMR,"1,293,960",0,"1,293,960","3,862,838",0,"321,903",0,0,"12,292","55,545",0,0,0,"323,265,923","168,429,126","491,695,049","1,413,762,728","92,171,939","117,813,560","3,181,747","1,219,465","3,470,298","2,422,533","1,924,536","1,370,640","30,131"
Lake Roosevelt NRA,LARO,"1,272,157","1,200","1,273,357","3,810,771",600,"317,564","2,716","2,948","32,693","41,451","2,649","2,952",0,"323,265,923","168,429,126","491,695,049","1,413,762,728","92,171,939","117,813,560","3,181,747","1,219,465","3,470,298","2,422,533","1,924,536","1,370,640","30,131"
Lassen Volcanic NP,LAVO,"466,068",0,"466,068","5,179,740",0,"431,645","5,335","2,073","56,757","29,874","6,578","12,875",0,"323,265,923","168,429,126","491,695,049","1,413,762,728","92,171,939","117,813,560","3,181,747","1,219,465","3,470,298","2,422,533","1,924,536","1,370,640","30,131"
Lava Beds NM,LABE,"107,346",771,"108,117","400,629",381,"33,385",0,0,"7,440","3,533",26,21,0,"323,265,923","168,429,126","491,695,049","1,413,762,728","92,171,939","117,813,560","3,181,747","1,219,465","3,470,298","2,422,533","1,924,536","1,370,640","30,131"
LBJ Memorial Grove on the Potomac,LYBA,"244,668",0,"244,668","122,335",0,"10,194",0,0,0,0,0,0,0,"323,265,923","168,429,126","491,695,049","1,413,762,728","92,171,939","117,813,560","3,181,747","1,219,465","3,470,298","2,422,533","1,924,536","1,370,640","30,131"
Lewis & Clark NHP,LEWI,"268,827",145,"268,972","398,803",37,"33,233",0,0,0,0,0,0,0,"323,265,923","168,429,126","491,695,049","1,413,762,728","92,171,939","117,813,560","3,181,747","1,219,465","3,470,298","2,422,533","1,924,536","1,370,640","30,131"
Lincoln Boyhood NMEM,LIBO,"145,261","16,200","161,461","163,417","2,700","13,618",0,0,0,0,0,0,0,"323,265,923","168,429,126","491,695,049","1,413,762,728","92,171,939","117,813,560","3,181,747","1,219,465","3,470,298","2,422,533","1,924,536","1,370,640","30,131"
Lincoln Home NHS,LIHO,"198,458","1,280","199,738","176,241","6,977","14,686",0,0,0,0,0,0,0,"323,265,923","168,429,126","491,695,049","1,413,762,728","92,171,939","117,813,560","3,181,747","1,219,465","3,470,298","2,422,533","1,924,536","1,370,640","30,131"
Lincoln Memorial,LINC,"7,592,588",0,"7,592,588","3,796,292",0,"316,357",0,0,0,0,0,0,0,"323,265,923","168,429,126","491,695,049","1,413,762,728","92,171,939","117,813,560","3,181,747","1,219,465","3,470,298","2,422,533","1,924,536","1,370,640","30,131"
Little Bighorn Battlefield NM,LIBI,"239,907","2,110","242,017","239,907","1,056","19,992",0,0,0,0,0,0,0,"323,265,923","168,429,126","491,695,049","1,413,762,728","92,171,939","117,813,560","3,181,747","1,219,465","3,470,298","2,422,533","1,924,536","1,370,640","30,131"
Little River Canyon NPRES,LIRI,"586,600",0,"586,600","1,533,334",0,"127,777",0,0,0,0,0,0,0,"323,265,923","168,429,126","491,695,049","1,413,762,728","92,171,939","117,813,560","3,181,747","1,219,465","3,470,298","2,422,533","1,924,536","1,370,640","30,131"
Little Rock Central High School NHS,CHSC,"165,354",0,"165,354","165,354",0,"13,779",0,0,0,0,0,0,0,"323,265,923","168,429,126","491,695,049","1,413,762,728","92,171,939","117,813,560","3,181,747","1,219,465","3,470,298","2,422,533","1,924,536","1,370,640","30,131"
Longfellow House Washington's HQ NHS,LONG,"57,212",0,"57,212","85,817",0,"7,151",0,0,0,0,0,0,0,"323,265,923","168,429,126","491,695,049","1,413,762,728","92,171,939","117,813,560","3,181,747","1,219,465","3,470,298","2,422,533","1,924,536","1,370,640","30,131"
Lowell NHP,LOWE,"488,171","1,166","489,337","751,316","1,749","62,609",0,0,0,0,0,0,0,"323,265,923","168,429,126","491,695,049","1,413,762,728","92,171,939","117,813,560","3,181,747","1,219,465","3,470,298","2,422,533","1,924,536","1,370,640","30,131"
Lyndon B. Johnson NHP,LYJO,"108,504",0,"108,504","183,173",0,"15,264",0,0,0,0,0,0,0,"323,265,923","168,429,126","491,695,049","1,413,762,728","92,171,939","117,813,560","3,181,747","1,219,465","3,470,298","2,422,533","1,924,536","1,370,640","30,131"
Maggie L. Walker NHS,MAWA,"9,557",0,"9,557","14,336",0,"1,194",0,0,0,0,0,0,0,"323,265,923","168,429,126","491,695,049","1,413,762,728","92,171,939","117,813,560","3,181,747","1,219,465","3,470,298","2,422,533","1,924,536","1,370,640","30,131"
Mammoth Cave NP,MACA,"537,437","115,914","653,351","4,311,815","57,955","359,317","27,914",0,"36,658","11,664","3,497","4,100",0,"323,265,923","168,429,126","491,695,049","1,413,762,728","92,171,939","117,813,560","3,181,747","1,219,465","3,470,298","2,422,533","1,924,536","1,370,640","30,131"
Manassas NBP,MANA,"495,261",480,"495,741","371,447",84,"30,953",0,0,0,0,0,0,0,"323,265,923","168,429,126","491,695,049","1,413,762,728","92,171,939","117,813,560","3,181,747","1,219,465","3,470,298","2,422,533","1,924,536","1,370,640","30,131"
Manhattan Project NHP,MAPR,"78,011",0,"78,011","112,560",0,"9,380",0,0,0,0,0,0,0,"323,265,923","168,429,126","491,695,049","1,413,762,728","92,171,939","117,813,560","3,181,747","1,219,465","3,470,298","2,422,533","1,924,536","1,370,640","30,131"
Manzanar NHS,MANZ,"99,162",0,"99,162","148,742",0,"12,395",0,0,0,0,0,0,0,"323,265,923","168,429,126","491,695,049","1,413,762,728","92,171,939","117,813,560","3,181,747","1,219,465","3,470,298","2,422,533","1,924,536","1,370,640","30,131"
Marsh-Billings-Rockefeller NHP,MABI,"50,295",0,"50,295","100,590",0,"8,382",0,0,0,0,0,0,0,"323,265,923","168,429,126","491,695,049","1,413,762,728","92,171,939","117,813,560","3,181,747","1,219,465","3,470,298","2,422,533","1,924,536","1,370,640","30,131"
"Martin Luther King, Jr. Memorial",MLKM,"3,656,853",0,"3,656,853","1,828,427",0,"152,368",0,0,0,0,0,0,0,"323,265,923","168,429,126","491,695,049","1,413,762,728","92,171,939","117,813,560","3,181,747","1,219,465","3,470,298","2,422,533","1,924,536","1,370,640","30,131"
"Martin Luther King, Jr. NHP",MALU,"729,007",0,"729,007","1,107,810",0,"92,317",0,0,0,0,0,0,0,"323,265,923","168,429,126","491,695,049","1,413,762,728","92,171,939","117,813,560","3,181,747","1,219,465","3,470,298","2,422,533","1,924,536","1,370,640","30,131"
Martin Van Buren NHS,MAVA,"20,596",720,"21,316","20,877",180,"1,739",0,0,0,0,0,0,0,"323,265,923","168,429,126","491,695,049","1,413,762,728","92,171,939","117,813,560","3,181,747","1,219,465","3,470,298","2,422,533","1,924,536","1,370,640","30,131"
Mary McLeod Bethune Council House NHS,MABE,"3,329",0,"3,329","6,658",0,554,0,0,0,0,0,0,0,"323,265,923","168,429,126","491,695,049","1,413,762,728","92,171,939","117,813,560","3,181,747","1,219,465","3,470,298","2,422,533","1,924,536","1,370,640","30,131"
Mesa Verde NP,MEVE,"557,960","9,049","567,009","3,970,292","9,049","330,857","21,413",0,"33,541","25,855",0,274,0,"323,265,923","168,429,126","491,695,049","1,413,762,728","92,171,939","117,813,560","3,181,747","1,219,465","3,470,298","2,422,533","1,924,536","1,370,640","30,131"
Minidoka NHS,MIIN,"13,668",0,"13,668","23,423",0,"1,951",0,0,0,0,0,0,0,"323,265,923","168,429,126","491,695,049","1,413,762,728","92,171,939","117,813,560","3,181,747","1,219,465","3,470,298","2,422,533","1,924,536","1,370,640","30,131"
Minute Man NHP,MIMA,"1,005,021",0,"1,005,021","1,507,529",0,"125,627",0,0,0,0,0,0,0,"323,265,923","168,429,126","491,695,049","1,413,762,728","92,171,939","117,813,560","3,181,747","1,219,465","3,470,298","2,422,533","1,924,536","1,370,640","30,131"
Minuteman Missile NHS,MIMI,"123,925",0,"123,925","94,468",0,"7,872",0,0,0,0,0,0,0,"323,265,923","168,429,126","491,695,049","1,413,762,728","92,171,939","117,813,560","3,181,747","1,219,465","3,470,298","2,422,533","1,924,536","1,370,640","30,131"
Mississippi NRRA,MISS,"375,182",0,"375,182","653,960",0,"54,496",0,0,0,0,0,0,0,"323,265,923","168,429,126","491,695,049","1,413,762,728","92,171,939","117,813,560","3,181,747","1,219,465","3,470,298","2,422,533","1,924,536","1,370,640","30,131"
Missouri NRR,MNRR,"131,635",0,"131,635","131,635",0,"10,969",0,0,0,0,0,0,0,"323,265,923","168,429,126","491,695,049","1,413,762,728","92,171,939","117,813,560","3,181,747","1,219,465","3,470,298","2,422,533","1,924,536","1,370,640","30,131"
Mojave NPRES,MOJA,"797,642",0,"797,642","4,788,854",0,"399,071",0,0,110,120,0,20,0,"323,265,923","168,429,126","491,695,049","1,413,762,728","92,171,939","117,813,560","3,181,747","1,219,465","3,470,298","2,422,533","1,924,536","1,370,640","30,131"
Monocacy NB,MONO,"128,173",50,"128,223","260,025",130,"21,668",0,0,0,0,0,0,0,"323,265,923","168,429,126","491,695,049","1,413,762,728","92,171,939","117,813,560","3,181,747","1,219,465","3,470,298","2,422,533","1,924,536","1,370,640","30,131"
Montezuma Castle NM,MOCA,"361,749",0,"361,749","361,749",0,"30,145",0,0,0,0,0,0,0,"323,265,923","168,429,126","491,695,049","1,413,762,728","92,171,939","117,813,560","3,181,747","1,219,465","3,470,298","2,422,533","1,924,536","1,370,640","30,131"
Moores Creek NB,MOCR,"67,315",0,"67,315","44,825",0,"3,735",0,0,0,0,153,0,0,"323,265,923","168,429,126","491,695,049","1,413,762,728","92,171,939","117,813,560","3,181,747","1,219,465","3,470,298","2,422,533","1,924,536","1,370,640","30,131"
Morristown NHP,MORR,"272,365",0,"272,365","801,501",0,"66,791",0,0,0,0,0,0,0,"323,265,923","168,429,126","491,695,049","1,413,762,728","92,171,939","117,813,560","3,181,747","1,219,465","3,470,298","2,422,533","1,924,536","1,370,640","30,131"
Mount Rainier NP,MORA,"1,562,866","827,567","2,390,433","18,966,913","827,567","1,580,576","37,036",0,"83,824","30,511","52,607","8,903",0,"323,265,923","168,429,126","491,695,049","1,413,762,728","92,171,939","117,813,560","3,181,747","1,219,465","3,470,298","2,422,533","1,924,536","1,370,640","30,131"
Mount Rushmore NMEM,MORU,"2,015,643","698,917","2,714,560","2,653,916","232,971","221,159",0,0,0,0,0,0,0,"323,265,923","168,429,126","491,695,049","1,413,762,728","92,171,939","117,813,560","3,181,747","1,219,465","3,470,298","2,422,533","1,924,536","1,370,640","30,131"
Muir Woods NM,MUWO,"847,388",0,"847,388","1,129,569",0,"94,130",0,0,0,0,0,0,0,"323,265,923","168,429,126","491,695,049","1,413,762,728","92,171,939","117,813,560","3,181,747","1,219,465","3,470,298","2,422,533","1,924,536","1,370,640","30,131"
Natchez NHP,NATC,"187,259",0,"187,259","421,829",0,"35,152",0,0,0,0,0,0,0,"323,265,923","168,429,126","491,695,049","1,413,762,728","92,171,939","117,813,560","3,181,747","1,219,465","3,470,298","2,422,533","1,924,536","1,370,640","30,131"
Natchez Trace PKWY,NATR,"6,285,473","9,148,603","15,434,076","25,301,940","9,148,603","2,108,495",0,0,"5,523","9,027",0,0,0,"323,265,923","168,429,126","491,695,049","1,413,762,728","92,171,939","117,813,560","3,181,747","1,219,465","3,470,298","2,422,533","1,924,536","1,370,640","30,131"
National Capital Parks Central,NCPC,"1,791,590",0,"1,791,590","1,131,261",0,"94,271",0,0,0,0,0,0,0,"323,265,923","168,429,126","491,695,049","1,413,762,728","92,171,939","117,813,560","3,181,747","1,219,465","3,470,298","2,422,533","1,924,536","1,370,640","30,131"
National Capital Parks East,NCPE,"1,211,461","32,260,279","33,471,740","2,048,371","21,164,720","170,697",0,0,0,0,0,0,0,"323,265,923","168,429,126","491,695,049","1,413,762,728","92,171,939","117,813,560","3,181,747","1,219,465","3,470,298","2,422,533","1,924,536","1,370,640","30,131"
National Park of American Samoa,NPSA,"55,866",0,"55,866","111,729",0,"9,310",0,0,0,0,0,0,0,"323,265,923","168,429,126","491,695,049","1,413,762,728","92,171,939","117,813,560","3,181,747","1,219,465","3,470,298","2,422,533","1,924,536","1,370,640","30,131"
Natural Bridges NM,NABR,"90,171",800,"90,971","522,309",400,"43,525",0,0,"3,129","3,276",0,0,0,"323,265,923","168,429,126","491,695,049","1,413,762,728","92,171,939","117,813,560","3,181,747","1,219,465","3,470,298","2,422,533","1,924,536","1,370,640","30,131"
Navajo NM,NAVA,"50,157",112,"50,269","152,781",28,"12,731",0,0,"2,333","2,005",287,132,0,"323,265,923","168,429,126","491,695,049","1,413,762,728","92,171,939","117,813,560","3,181,747","1,219,465","3,470,298","2,422,533","1,924,536","1,370,640","30,131"
New Bedford Whaling NHP,NEBE,"145,913",0,"145,913","75,803",0,"6,316",0,0,0,0,0,0,0,"323,265,923","168,429,126","491,695,049","1,413,762,728","92,171,939","117,813,560","3,181,747","1,219,465","3,470,298","2,422,533","1,924,536","1,370,640","30,131"
New Orleans Jazz NHP,JAZZ,"37,002",0,"37,002","87,395",0,"7,282",0,0,0,0,0,0,0,"323,265,923","168,429,126","491,695,049","1,413,762,728","92,171,939","117,813,560","3,181,747","1,219,465","3,470,298","2,422,533","1,924,536","1,370,640","30,131"
New River Gorge NP & PRES,NERI,"1,152,801","2,400","1,155,201","2,539,896","4,800","211,658",0,0,"5,081","1,001",0,0,0,"323,265,923","168,429,126","491,695,049","1,413,762,728","92,171,939","117,813,560","3,181,747","1,219,465","3,470,298","2,422,533","1,924,536","1,370,640","30,131"
Nez Perce NHP,NEPE,"207,643","1,800","209,443","197,929",180,"16,494",0,0,0,0,0,0,0,"323,265,923","168,429,126","491,695,049","1,413,762,728","92,171,939","117,813,560","3,181,747","1,219,465","3,470,298","2,422,533","1,924,536","1,370,640","30,131"
Nicodemus NHS,NICO,"3,355",0,"3,355","3,355",0,279,0,0,0,0,0,0,0,"323,265,923","168,429,126","491,695,049","1,413,762,728","92,171,939","117,813,560","3,181,747","1,219,465","3,470,298","2,422,533","1,924,536","1,370,640","30,131"
Ninety Six NHS,NISI,"92,149",0,"92,149","115,184",0,"9,598",0,0,0,0,0,0,0,"323,265,923","168,429,126","491,695,049","1,413,762,728","92,171,939","117,813,560","3,181,747","1,219,465","3,470,298","2,422,533","1,924,536","1,370,640","30,131"
Niobrara NSR,NIOB,"60,561",0,"60,561","463,749",0,"38,645",0,0,0,0,0,0,0,"323,265,923","168,429,126","491,695,049","1,413,762,728","92,171,939","117,813,560","3,181,747","1,219,465","3,470,298","2,422,533","1,924,536","1,370,640","30,131"
Noatak NPRES,NOAT,"17,026","8,450","25,476","252,016","67,600","21,001",0,0,0,0,"5,650",0,"4,750","323,265,923","168,429,126","491,695,049","1,413,762,728","92,171,939","117,813,560","3,181,747","1,219,465","3,470,298","2,422,533","1,924,536","1,370,640","30,131"
North Cascades NP,NOCA,"39,332",0,"39,332","680,496",0,"56,707",0,0,0,0,"27,741",0,0,"323,265,923","168,429,126","491,695,049","1,413,762,728","92,171,939","117,813,560","3,181,747","1,219,465","3,470,298","2,422,533","1,924,536","1,370,640","30,131"
Obed W&SR,OBRI,"219,369","10,800","230,169","934,833",900,"77,902",0,0,"8,406",0,310,0,0,"323,265,923","168,429,126","491,695,049","1,413,762,728","92,171,939","117,813,560","3,181,747","1,219,465","3,470,298","2,422,533","1,924,536","1,370,640","30,131"
Ocmulgee Mounds NHP,OCMU,"143,471",0,"143,471","215,207",0,"17,933",0,0,0,0,0,0,0,"323,265,923","168,429,126","491,695,049","1,413,762,728","92,171,939","117,813,560","3,181,747","1,219,465","3,470,298","2,422,533","1,924,536","1,370,640","30,131"
Olympic NP,OLYM,"3,229,936","707,590","3,937,526","16,862,855","291,877","1,405,237","73,649","27,229","134,401","73,226","97,408",203,0,"323,265,923","168,429,126","491,695,049","1,413,762,728","92,171,939","117,813,560","3,181,747","1,219,465","3,470,298","2,422,533","1,924,536","1,370,640","30,131"
Oregon Caves NM & PRES,ORCA,"55,086",520,"55,606","165,257","1,040","13,771",0,0,0,0,0,0,0,"323,265,923","168,429,126","491,695,049","1,413,762,728","92,171,939","117,813,560","3,181,747","1,219,465","3,470,298","2,422,533","1,924,536","1,370,640","30,131"
Organ Pipe Cactus NM,ORPI,"263,017","1,273,953","1,536,970","765,972","636,973","63,831",0,0,"6,327","24,367",277,55,0,"323,265,923","168,429,126","491,695,049","1,413,762,728","92,171,939","117,813,560","3,181,747","1,219,465","3,470,298","2,422,533","1,924,536","1,370,640","30,131"
Ozark NSR,OZAR,"1,224,921",0,"1,224,921","3,362,373",0,"280,197",206,0,"64,148","21,272","11,052","23,334",0,"323,265,923","168,429,126","491,695,049","1,413,762,728","92,171,939","117,813,560","3,181,747","1,219,465","3,470,298","2,422,533","1,924,536","1,370,640","30,131"
Padre Island NS,PAIS,"557,955","1,800","559,755","3,977,275","14,400","331,439",0,0,"19,605","32,391","13,595",384,0,"323,265,923","168,429,126","491,695,049","1,413,762,728","92,171,939","117,813,560","3,181,747","1,219,465","3,470,298","2,422,533","1,924,536","1,370,640","30,131"
Palo Alto Battlefield NHP,PAAL,"157,933",0,"157,933","246,783",0,"20,565",0,0,0,0,0,0,0,"323,265,923","168,429,126","491,695,049","1,413,762,728","92,171,939","117,813,560","3,181,747","1,219,465","3,470,298","2,422,533","1,924,536","1,370,640","30,131"
Paterson Great Falls NHP,PAGR,"258,213",0,"258,213","524,520",0,"43,710",0,0,0,0,0,0,0,"323,265,923","168,429,126","491,695,049","1,413,762,728","92,171,939","117,813,560","3,181,747","1,219,465","3,470,298","2,422,533","1,924,536","1,370,640","30,131"
Pea Ridge NMP,PERI,"101,254",0,"101,254","202,511",0,"16,875",0,0,0,0,0,0,0,"323,265,923","168,429,126","491,695,049","1,413,762,728","92,171,939","117,813,560","3,181,747","1,219,465","3,470,298","2,422,533","1,924,536","1,370,640","30,131"
Pearl Harbor NMEM,PERL,"1,634,032",0,"1,634,032","4,902,096",0,"408,508",0,0,0,0,0,0,0,"323,265,923","168,429,126","491,695,049","1,413,762,728","92,171,939","117,813,560","3,181,747","1,219,465","3,470,298","2,422,533","1,924,536","1,370,640","30,131"
Pecos NHP,PECO,"41,922",0,"41,922","53,543",0,"4,461",0,0,0,0,0,0,0,"323,265,923","168,429,126","491,695,049","1,413,762,728","92,171,939","117,813,560","3,181,747","1,219,465","3,470,298","2,422,533","1,924,536","1,370,640","30,131"
Pennsylvania Avenue NHS,PAAV,"122,150",0,"122,150","40,310",0,"3,359",0,0,0,0,0,0,0,"323,265,923","168,429,126","491,695,049","1,413,762,728","92,171,939","117,813,560","3,181,747","1,219,465","3,470,298","2,422,533","1,924,536","1,370,640","30,131"
Perry's Victory & Intl. Peace MEM,PEVI,"119,927",0,"119,927","116,872",0,"9,739",0,0,0,0,0,124,0,"323,265,923","168,429,126","491,695,049","1,413,762,728","92,171,939","117,813,560","3,181,747","1,219,465","3,470,298","2,422,533","1,924,536","1,370,640","30,131"
Petersburg NB,PETE,"226,790","358,571","585,361","241,637","89,641","20,136",0,0,0,0,0,0,0,"323,265,923","168,429,126","491,695,049","1,413,762,728","92,171,939","117,813,560","3,181,747","1,219,465","3,470,298","2,422,533","1,924,536","1,370,640","30,131"
Petrified Forest NP,PEFO,"628,924",120,"629,044","1,653,058",120,"137,754",0,0,0,0,"1,424",0,0,"323,265,923","168,429,126","491,695,049","1,413,762,728","92,171,939","117,813,560","3,181,747","1,219,465","3,470,298","2,422,533","1,924,536","1,370,640","30,131"
Petroglyph NM,PETR,"285,062",0,"285,062","570,122",0,"47,510",0,0,0,0,0,0,0,"323,265,923","168,429,126","491,695,049","1,413,762,728","92,171,939","117,813,560","3,181,747","1,219,465","3,470,298","2,422,533","1,924,536","1,370,640","30,131"
Pictured Rocks NL,PIRO,"852,908","3,456","856,364","4,203,765","10,190","350,313",0,0,"15,888","5,758","27,670",0,0,"323,265,923","168,429,126","491,695,049","1,413,762,728","92,171,939","117,813,560","3,181,747","1,219,465","3,470,298","2,422,533","1,924,536","1,370,640","30,131"
Pinnacles NP,PINN,"182,318",0,"182,318","653,101",0,"54,425",0,0,0,0,0,0,0,"323,265,923","168,429,126","491,695,049","1,413,762,728","92,171,939","117,813,560","3,181,747","1,219,465","3,470,298","2,422,533","1,924,536","1,370,640","30,131"
Pipe Spring NM,PISP,"28,434",404,"28,838","42,651",900,"3,554",0,0,0,0,0,0,0,"323,265,923","168,429,126","491,695,049","1,413,762,728","92,171,939","117,813,560","3,181,747","1,219,465","3,470,298","2,422,533","1,924,536","1,370,640","30,131"
Pipestone NM,PIPE,"77,740",0,"77,740","194,350",0,"16,195",0,0,0,0,0,0,0,"323,265,923","168,429,126","491,695,049","1,413,762,728","92,171,939","117,813,560","3,181,747","1,219,465","3,470,298","2,422,533","1,924,536","1,370,640","30,131"
Piscataway Park,PISC,"281,251",0,"281,251","534,120",0,"44,510",0,0,0,0,0,0,0,"323,265,923","168,429,126","491,695,049","1,413,762,728","92,171,939","117,813,560","3,181,747","1,219,465","3,470,298","2,422,533","1,924,536","1,370,640","30,131"
Point Reyes NS,PORE,"2,299,340","25,788","2,325,128","11,586,089","25,788","965,507","9,162",607,0,0,"37,626",0,0,"323,265,923","168,429,126","491,695,049","1,413,762,728","92,171,939","117,813,560","3,181,747","1,219,465","3,470,298","2,422,533","1,924,536","1,370,640","30,131"
Port Chicago Naval Magazine NMEM,POCH,813,0,813,"1,626",0,135,0,0,0,0,0,0,0,"323,265,923","168,429,126","491,695,049","1,413,762,728","92,171,939","117,813,560","3,181,747","1,219,465","3,470,298","2,422,533","1,924,536","1,370,640","30,131"
President W.J. Clinton Birthplace Home NHS,WICL,"8,322",0,"8,322","8,322",0,693,0,0,0,0,0,0,0,"323,265,923","168,429,126","491,695,049","1,413,762,728","92,171,939","117,813,560","3,181,747","1,219,465","3,470,298","2,422,533","1,924,536","1,370,640","30,131"
President's Park,PRPA,"905,018",0,"905,018","1,280,527",0,"106,710",0,0,0,0,0,0,0,"323,265,923","168,429,126","491,695,049","1,413,762,728","92,171,939","117,813,560","3,181,747","1,219,465","3,470,298","2,422,533","1,924,536","1,370,640","30,131"
Prince William Forest Park,PRWI,"336,912",480,"337,392","3,256,252",960,"271,354",0,"29,452","22,218","1,550",270,"52,893",0,"323,265,923","168,429,126","491,695,049","1,413,762,728","92,171,939","117,813,560","3,181,747","1,219,465","3,470,298","2,422,533","1,924,536","1,370,640","30,131"
Pu'uhonua o Honaunau NHP,PUHO,"405,934",0,"405,934","405,934",0,"33,827",0,0,0,0,0,0,0,"323,265,923","168,429,126","491,695,049","1,413,762,728","92,171,939","117,813,560","3,181,747","1,219,465","3,470,298","2,422,533","1,924,536","1,370,640","30,131"
Pu'ukohola Heiau NHS,PUHE,"124,547","147,507","272,054","62,275","24,575","5,189",0,0,0,0,0,0,0,"323,265,923","168,429,126","491,695,049","1,413,762,728","92,171,939","117,813,560","3,181,747","1,219,465","3,470,298","2,422,533","1,924,536","1,370,640","30,131"
Rainbow Bridge NM,RABR,"115,704",0,"115,704","173,556",0,"14,463",0,0,0,0,0,0,0,"323,265,923","168,429,126","491,695,049","1,413,762,728","92,171,939","117,813,560","3,181,747","1,219,465","3,470,298","2,422,533","1,924,536","1,370,640","30,131"
Redwood NP,REDW,"500,028",0,"500,028","1,749,095",0,"145,757",0,0,"3,487",0,"3,182","2,472",0,"323,265,923","168,429,126","491,695,049","1,413,762,728","92,171,939","117,813,560","3,181,747","1,219,465","3,470,298","2,422,533","1,924,536","1,370,640","30,131"
Richmond NBP,RICH,"202,686","150,191","352,877","376,647","37,548","31,387",0,0,0,0,0,0,0,"323,265,923","168,429,126","491,695,049","1,413,762,728","92,171,939","117,813,560","3,181,747","1,219,465","3,470,298","2,422,533","1,924,536","1,370,640","30,131"
Rio Grande W&SR,RIGR,356,0,356,"41,040",0,"3,420",0,0,0,0,"1,977",0,0,"323,265,923","168,429,126","491,695,049","1,413,762,728","92,171,939","117,813,560","3,181,747","1,219,465","3,470,298","2,422,533","1,924,536","1,370,640","30,131"
River Raisin NBP,RIRA,"230,200","7,488","237,688","460,401",748,"38,366",0,0,0,0,0,0,0,"323,265,923","168,429,126","491,695,049","1,413,762,728","92,171,939","117,813,560","3,181,747","1,219,465","3,470,298","2,422,533","1,924,536","1,370,640","30,131"
Rock Creek Park,ROCR,"2,410,857","12,386,842","14,797,699","2,631,647","6,193,419","219,303",0,0,0,0,0,0,0,"323,265,923","168,429,126","491,695,049","1,413,762,728","92,171,939","117,813,560","3,181,747","1,219,465","3,470,298","2,422,533","1,924,536","1,370,640","30,131"
Rocky Mountain NP,ROMO,"4,604,511","8,750","4,613,261","31,100,834","26,250","2,591,736",0,0,"111,102","63,777","41,228","1,003",0,"323,265,923","168,429,126","491,695,049","1,413,762,728","92,171,939","117,813,560","3,181,747","1,219,465","3,470,298","2,422,533","1,924,536","1,370,640","30,131"
Roger Williams NMEM,ROWI,"57,845","81,263","139,108","50,230","6,499","4,185",0,0,0,0,0,0,0,"323,265,923","168,429,126","491,695,049","1,413,762,728","92,171,939","117,813,560","3,181,747","1,219,465","3,470,298","2,422,533","1,924,536","1,370,640","30,131"
Rosie The Riveter WWII Home Front NHP,RORI,"49,917",0,"49,917","149,751",0,"12,479",0,0,0,0,0,0,0,"323,265,923","168,429,126","491,695,049","1,413,762,728","92,171,939","117,813,560","3,181,747","1,219,465","3,470,298","2,422,533","1,924,536","1,370,640","30,131"
Ross Lake NRA,ROLA,"1,122,913",720,"1,123,633","2,868,677",720,"239,056","8,027",0,"39,562","13,995","10,168",990,0,"323,265,923","168,429,126","491,695,049","1,413,762,728","92,171,939","117,813,560","3,181,747","1,219,465","3,470,298","2,422,533","1,924,536","1,370,640","30,131"
Russell Cave NM,RUCA,"16,869",0,"16,869","29,023",0,"2,418",0,0,0,0,0,0,0,"323,265,923","168,429,126","491,695,049","1,413,762,728","92,171,939","117,813,560","3,181,747","1,219,465","3,470,298","2,422,533","1,924,536","1,370,640","30,131"
Sagamore Hill NHS,SAHI,"37,474",0,"37,474","93,687",0,"7,807",0,0,0,0,0,0,0,"323,265,923","168,429,126","491,695,049","1,413,762,728","92,171,939","117,813,560","3,181,747","1,219,465","3,470,298","2,422,533","1,924,536","1,370,640","30,131"
Saguaro NP,SAGU,"994,358","2,463,119","3,457,477","1,045,885","615,781","87,157",0,0,0,0,"2,173",0,0,"323,265,923","168,429,126","491,695,049","1,413,762,728","92,171,939","117,813,560","3,181,747","1,219,465","3,470,298","2,422,533","1,924,536","1,370,640","30,131"
Saint Croix Island IHS,SACR,"11,656",0,"11,656","14,570",0,"1,214",0,0,0,0,0,0,0,"323,265,923","168,429,126","491,695,049","1,413,762,728","92,171,939","117,813,560","3,181,747","1,219,465","3,470,298","2,422,533","1,924,536","1,370,640","30,131"
Saint Croix NSR,SACN,"646,367",0,"646,367","5,831,753",0,"485,979",0,0,0,0,"68,880",0,0,"323,265,923","168,429,126","491,695,049","1,413,762,728","92,171,939","117,813,560","3,181,747","1,219,465","3,470,298","2,422,533","1,924,536","1,370,640","30,131"
Saint Paul's Church NHS,SAPA,"18,730",465,"19,195","25,026",241,"2,085",0,0,0,0,0,0,0,"323,265,923","168,429,126","491,695,049","1,413,762,728","92,171,939","117,813,560","3,181,747","1,219,465","3,470,298","2,422,533","1,924,536","1,370,640","30,131"
Saint-Gaudens NHP,SAGA,"32,040",0,"32,040","62,249",0,"5,187",0,0,0,0,0,0,0,"323,265,923","168,429,126","491,695,049","1,413,762,728","92,171,939","117,813,560","3,181,747","1,219,465","3,470,298","2,422,533","1,924,536","1,370,640","30,131"
Salem Maritime NHS,SAMA,"320,382",0,"320,382","179,703",0,"14,975",0,0,0,0,0,0,0,"323,265,923","168,429,126","491,695,049","1,413,762,728","92,171,939","117,813,560","3,181,747","1,219,465","3,470,298","2,422,533","1,924,536","1,370,640","30,131"
Salinas Pueblo Missions NM,SAPU,"30,731",0,"30,731","60,596",0,"5,049",0,0,0,0,0,0,0,"323,265,923","168,429,126","491,695,049","1,413,762,728","92,171,939","117,813,560","3,181,747","1,219,465","3,470,298","2,422,533","1,924,536","1,370,640","30,131"
Salt River Bay NHP & Ecological Pres,SARI,"5,422",0,"5,422","12,530",0,"1,044",0,0,0,0,0,0,0,"323,265,923","168,429,126","491,695,049","1,413,762,728","92,171,939","117,813,560","3,181,747","1,219,465","3,470,298","2,422,533","1,924,536","1,370,640","30,131"
San Antonio Missions NHP,SAAN,"1,230,904",0,"1,230,904","1,652,812",0,"137,734",0,0,0,0,0,0,0,"323,265,923","168,429,126","491,695,049","1,413,762,728","92,171,939","117,813,560","3,181,747","1,219,465","3,470,298","2,422,533","1,924,536","1,370,640","30,131"
San Francisco Maritime NHP,SAFR,"3,913,755",0,"3,913,755","3,706,899",0,"308,908",0,0,0,0,0,247,0,"323,265,923","168,429,126","491,695,049","1,413,762,728","92,171,939","117,813,560","3,181,747","1,219,465","3,470,298","2,422,533","1,924,536","1,370,640","30,131"
San Juan Island NHP,SAJH,"267,986","74,023","342,009","443,877","18,508","36,989",0,0,0,0,0,0,0,"323,265,923","168,429,126","491,695,049","1,413,762,728","92,171,939","117,813,560","3,181,747","1,219,465","3,470,298","2,422,533","1,924,536","1,370,640","30,131"
San Juan NHS,SAJU,"1,176,017",0,"1,176,017","2,281,728",0,"190,144",0,0,0,0,0,0,0,"323,265,923","168,429,126","491,695,049","1,413,762,728","92,171,939","117,813,560","3,181,747","1,219,465","3,470,298","2,422,533","1,924,536","1,370,640","30,131"
Sand Creek Massacre NHS,SAND,"5,861",0,"5,861","11,722",0,976,0,0,0,0,0,0,0,"323,265,923","168,429,126","491,695,049","1,413,762,728","92,171,939","117,813,560","3,181,747","1,219,465","3,470,298","2,422,533","1,924,536","1,370,640","30,131"
Santa Monica Mountains NRA,SAMO,"727,784","116,970","844,754","1,201,599","59,026","100,133",0,0,0,0,144,0,0,"323,265,923","168,429,126","491,695,049","1,413,762,728","92,171,939","117,813,560","3,181,747","1,219,465","3,470,298","2,422,533","1,924,536","1,370,640","30,131"
Saratoga NHP,SARA,"145,587","73,565","219,152","437,977","5,884","36,498",0,0,0,0,0,0,0,"323,265,923","168,429,126","491,695,049","1,413,762,728","92,171,939","117,813,560","3,181,747","1,219,465","3,470,298","2,422,533","1,924,536","1,370,640","30,131"
Saugus Iron Works NHS,SAIR,"9,023","45,625","54,648","13,534","4,566","1,127",0,0,0,0,0,0,0,"323,265,923","168,429,126","491,695,049","1,413,762,728","92,171,939","117,813,560","3,181,747","1,219,465","3,470,298","2,422,533","1,924,536","1,370,640","30,131"
Scotts Bluff NM,SCBL,"160,357",0,"160,357","304,682",0,"25,390",0,0,0,0,0,0,0,"323,265,923","168,429,126","491,695,049","1,413,762,728","92,171,939","117,813,560","3,181,747","1,219,465","3,470,298","2,422,533","1,924,536","1,370,640","30,131"
Sequoia NP,SEQU,"1,220,237","15,148","1,235,385","38,679,868","60,592","3,223,322","70,037",0,"132,404","67,970","30,130",256,0,"323,265,923","168,429,126","491,695,049","1,413,762,728","92,171,939","117,813,560","3,181,747","1,219,465","3,470,298","2,422,533","1,924,536","1,370,640","30,131"
Shenandoah NP,SHEN,"1,376,264","10,962","1,387,226","10,446,592","2,742","870,549","95,152",0,"118,653","58,812","32,506",146,0,"323,265,923","168,429,126","491,695,049","1,413,762,728","92,171,939","117,813,560","3,181,747","1,219,465","3,470,298","2,422,533","1,924,536","1,370,640","30,131"
Shiloh NMP,SHIL,"361,754","155,037","516,791","529,911","31,008","44,159",0,0,0,0,0,0,0,"323,265,923","168,429,126","491,695,049","1,413,762,728","92,171,939","117,813,560","3,181,747","1,219,465","3,470,298","2,422,533","1,924,536","1,370,640","30,131"
Sitka NHP,SITK,"231,017",0,"231,017","140,536",0,"11,711",0,0,0,0,0,0,0,"323,265,923","168,429,126","491,695,049","1,413,762,728","92,171,939","117,813,560","3,181,747","1,219,465","3,470,298","2,422,533","1,924,536","1,370,640","30,131"
Sleeping Bear Dunes NL,SLBE,"1,565,775",0,"1,565,775","8,667,901",0,"722,325",0,0,"58,157","62,051","18,931",0,0,"323,265,923","168,429,126","491,695,049","1,413,762,728","92,171,939","117,813,560","3,181,747","1,219,465","3,470,298","2,422,533","1,924,536","1,370,640","30,131"
Springfield Armory NHS,SPAR,"20,598",0,"20,598","41,197",0,"3,433",0,0,0,0,0,0,0,"323,265,923","168,429,126","491,695,049","1,413,762,728","92,171,939","117,813,560","3,181,747","1,219,465","3,470,298","2,422,533","1,924,536","1,370,640","30,131"
Statue of Liberty NM,STLI,"4,256,090",0,"4,256,090","19,152,407",0,"1,596,033",0,0,0,0,0,0,0,"323,265,923","168,429,126","491,695,049","1,413,762,728","92,171,939","117,813,560","3,181,747","1,219,465","3,470,298","2,422,533","1,924,536","1,370,640","30,131"
Steamtown NHS,STEA,"103,440","11,592","115,032","153,596","5,796","12,799",0,0,0,0,0,0,0,"323,265,923","168,429,126","491,695,049","1,413,762,728","92,171,939","117,813,560","3,181,747","1,219,465","3,470,298","2,422,533","1,924,536","1,370,640","30,131"
Stones River NB,STRI,"270,731","1,440","272,171","404,000",240,"33,666",0,0,0,0,0,0,0,"323,265,923","168,429,126","491,695,049","1,413,762,728","92,171,939","117,813,560","3,181,747","1,219,465","3,470,298","2,422,533","1,924,536","1,370,640","30,131"
Stonewall NM,STON,"2,083,700",0,"2,083,700","2,044,661",0,"170,388",0,0,0,0,0,0,0,"323,265,923","168,429,126","491,695,049","1,413,762,728","92,171,939","117,813,560","3,181,747","1,219,465","3,470,298","2,422,533","1,924,536","1,370,640","30,131"
Sunset Crater Volcano NM,SUCR,"108,976","12,000","120,976","136,220","3,996","11,351",0,0,0,0,0,0,0,"323,265,923","168,429,126","491,695,049","1,413,762,728","92,171,939","117,813,560","3,181,747","1,219,465","3,470,298","2,422,533","1,924,536","1,370,640","30,131"
Tallgrass Prairie NPRES,TAPR,"31,531",0,"31,531","63,062",0,"5,255",0,0,0,0,0,0,0,"323,265,923","168,429,126","491,695,049","1,413,762,728","92,171,939","117,813,560","3,181,747","1,219,465","3,470,298","2,422,533","1,924,536","1,370,640","30,131"
Thaddeus Kosciuszko NMEM,THKO,"1,865",0,"1,865",465,0,38,0,0,0,0,0,0,0,"323,265,923","168,429,126","491,695,049","1,413,762,728","92,171,939","117,813,560","3,181,747","1,219,465","3,470,298","2,422,533","1,924,536","1,370,640","30,131"
Theodore Roosevelt Birthplace NHS,THRB,"26,117",117,"26,234","29,095",20,"2,424",0,0,0,0,0,0,0,"323,265,923","168,429,126","491,695,049","1,413,762,728","92,171,939","117,813,560","3,181,747","1,219,465","3,470,298","2,422,533","1,924,536","1,370,640","30,131"
Theodore Roosevelt Inaugural NHS,THRI,"28,095",0,"28,095","53,293",0,"4,441",0,0,0,0,0,0,0,"323,265,923","168,429,126","491,695,049","1,413,762,728","92,171,939","117,813,560","3,181,747","1,219,465","3,470,298","2,422,533","1,924,536","1,370,640","30,131"
Theodore Roosevelt Island,THIS,"151,500",0,"151,500","272,700",0,"22,725",0,0,0,0,0,0,0,"323,265,923","168,429,126","491,695,049","1,413,762,728","92,171,939","117,813,560","3,181,747","1,219,465","3,470,298","2,422,533","1,924,536","1,370,640","30,131"
Theodore Roosevelt NP,THRO,"708,992","6,578","715,570","2,723,877","2,172","226,989",0,0,"16,779","20,540",732,"2,329",0,"323,265,923","168,429,126","491,695,049","1,413,762,728","92,171,939","117,813,560","3,181,747","1,219,465","3,470,298","2,422,533","1,924,536","1,370,640","30,131"
Thomas Edison NHP,EDIS,"39,805",0,"39,805","50,342",0,"4,195",0,0,0,0,0,0,0,"323,265,923","168,429,126","491,695,049","1,413,762,728","92,171,939","117,813,560","3,181,747","1,219,465","3,470,298","2,422,533","1,924,536","1,370,640","30,131"
Thomas Jefferson MEM,JEFM,"3,126,752",0,"3,126,752","1,563,376",0,"130,281",0,0,0,0,0,0,0,"323,265,923","168,429,126","491,695,049","1,413,762,728","92,171,939","117,813,560","3,181,747","1,219,465","3,470,298","2,422,533","1,924,536","1,370,640","30,131"
Thomas Stone NHS,THST,"8,417",0,"8,417","4,209",0,350,0,0,0,0,0,0,0,"323,265,923","168,429,126","491,695,049","1,413,762,728","92,171,939","117,813,560","3,181,747","1,219,465","3,470,298","2,422,533","1,924,536","1,370,640","30,131"
Timpanogos Cave NM,TICA,"101,503",0,"101,503","194,631",0,"16,219",0,0,0,0,0,0,0,"323,265,923","168,429,126","491,695,049","1,413,762,728","92,171,939","117,813,560","3,181,747","1,219,465","3,470,298","2,422,533","1,924,536","1,370,640","30,131"
Timucuan EHP,TIMU,"1,163,289",0,"1,163,289","2,980,967",0,"248,413",0,0,0,0,0,0,0,"323,265,923","168,429,126","491,695,049","1,413,762,728","92,171,939","117,813,560","3,181,747","1,219,465","3,470,298","2,422,533","1,924,536","1,370,640","30,131"
Tonto NM,TONT,"30,619",0,"30,619","54,998",0,"4,583",0,0,0,0,0,0,0,"323,265,923","168,429,126","491,695,049","1,413,762,728","92,171,939","117,813,560","3,181,747","1,219,465","3,470,298","2,422,533","1,924,536","1,370,640","30,131"
Tumacacori NHP,TUMA,"37,153",0,"37,153","56,291",0,"4,690",0,0,0,0,0,44,0,"323,265,923","168,429,126","491,695,049","1,413,762,728","92,171,939","117,813,560","3,181,747","1,219,465","3,470,298","2,422,533","1,924,536","1,370,640","30,131"
Tuskegee Airmen NHS,TUAI,"27,575",0,"27,575","41,363",0,"3,446",0,0,0,0,0,0,0,"323,265,923","168,429,126","491,695,049","1,413,762,728","92,171,939","117,813,560","3,181,747","1,219,465","3,470,298","2,422,533","1,924,536","1,370,640","30,131"
Tuskegee Institute NHS,TUIN,"36,198",0,"36,198","61,359",0,"5,113",0,0,0,0,0,0,0,"323,265,923","168,429,126","491,695,049","1,413,762,728","92,171,939","117,813,560","3,181,747","1,219,465","3,470,298","2,422,533","1,924,536","1,370,640","30,131"
Tuzigoot NM,TUZI,"92,715",0,"92,715","92,715",0,"7,726",0,0,0,0,0,0,0,"323,265,923","168,429,126","491,695,049","1,413,762,728","92,171,939","117,813,560","3,181,747","1,219,465","3,470,298","2,422,533","1,924,536","1,370,640","30,131"
Ulysses S. Grant NHS,ULSG,"38,637",0,"38,637","57,955",0,"4,829",0,0,0,0,0,0,0,"323,265,923","168,429,126","491,695,049","1,413,762,728","92,171,939","117,813,560","3,181,747","1,219,465","3,470,298","2,422,533","1,924,536","1,370,640","30,131"
Upper Delaware S&RR,UPDE,"218,154","251,582","469,736","805,131","20,490","67,094",0,0,0,0,0,0,0,"323,265,923","168,429,126","491,695,049","1,413,762,728","92,171,939","117,813,560","3,181,747","1,219,465","3,470,298","2,422,533","1,924,536","1,370,640","30,131"
Valley Forge NHP,VAFO,"2,012,376",0,"2,012,376","4,024,752",0,"335,396",0,0,0,0,0,0,0,"323,265,923","168,429,126","491,695,049","1,413,762,728","92,171,939","117,813,560","3,181,747","1,219,465","3,470,298","2,422,533","1,924,536","1,370,640","30,131"
Vanderbilt Mansion NHS,VAMA,"331,435",0,"331,435","417,989",0,"34,832",0,0,0,0,0,0,0,"323,265,923","168,429,126","491,695,049","1,413,762,728","92,171,939","117,813,560","3,181,747","1,219,465","3,470,298","2,422,533","1,924,536","1,370,640","30,131"
Vicksburg NMP,VICK,"536,404",0,"536,404","1,190,773",0,"99,231",0,0,0,0,0,0,0,"323,265,923","168,429,126","491,695,049","1,413,762,728","92,171,939","117,813,560","3,181,747","1,219,465","3,470,298","2,422,533","1,924,536","1,370,640","30,131"
Vietnam Veterans MEM,VIVE,"4,473,495",0,"4,473,495","2,236,745",0,"186,395",0,0,0,0,0,0,0,"323,265,923","168,429,126","491,695,049","1,413,762,728","92,171,939","117,813,560","3,181,747","1,219,465","3,470,298","2,422,533","1,924,536","1,370,640","30,131"
Virgin Islands NP,VIIS,"88,516","236,255","324,771","544,370","59,062","45,364",0,0,0,0,0,0,0,"323,265,923","168,429,126","491,695,049","1,413,762,728","92,171,939","117,813,560","3,181,747","1,219,465","3,470,298","2,422,533","1,924,536","1,370,640","30,131"
Voyageurs NP,VOYA,"232,872",0,"232,872","1,179,305",0,"98,275","3,727",0,0,0,"45,282","25,082",0,"323,265,923","168,429,126","491,695,049","1,413,762,728","92,171,939","117,813,560","3,181,747","1,219,465","3,470,298","2,422,533","1,924,536","1,370,640","30,131"
Waco Mammoth NM,WACO,"109,108","6,533","115,641","140,850","2,352","11,737",0,0,0,0,0,0,0,"323,265,923","168,429,126","491,695,049","1,413,762,728","92,171,939","117,813,560","3,181,747","1,219,465","3,470,298","2,422,533","1,924,536","1,370,640","30,131"
Walnut Canyon NM,WACA,"156,139",480,"156,619","202,982",240,"16,915",0,0,0,0,0,0,0,"323,265,923","168,429,126","491,695,049","1,413,762,728","92,171,939","117,813,560","3,181,747","1,219,465","3,470,298","2,422,533","1,924,536","1,370,640","30,131"
War in the Pacific NHP,WAPA,"423,063","1,141","424,204","425,343",571,"35,445",0,0,0,0,0,0,0,"323,265,923","168,429,126","491,695,049","1,413,762,728","92,171,939","117,813,560","3,181,747","1,219,465","3,470,298","2,422,533","1,924,536","1,370,640","30,131"
Washington Monument,WAMO,"16,208",0,"16,208","16,208",0,"1,350",0,0,0,0,0,0,0,"323,265,923","168,429,126","491,695,049","1,413,762,728","92,171,939","117,813,560","3,181,747","1,219,465","3,470,298","2,422,533","1,924,536","1,370,640","30,131"
Washita Battlefield NHS,WABA,"10,923",0,"10,923","10,923",0,910,0,0,0,0,0,0,0,"323,265,923","168,429,126","491,695,049","1,413,762,728","92,171,939","117,813,560","3,181,747","1,219,465","3,470,298","2,422,533","1,924,536","1,370,640","30,131"
Weir Farm NHS,WEFA,"37,482",0,"37,482","70,037",0,"5,836",0,0,0,0,0,0,0,"323,265,923","168,429,126","491,695,049","1,413,762,728","92,171,939","117,813,560","3,181,747","1,219,465","3,470,298","2,422,533","1,924,536","1,370,640","30,131"
Whiskeytown NRA,WHIS,"649,075","6,000","655,075","2,136,313","11,341","178,026",0,"6,282",565,390,0,"2,530",0,"323,265,923","168,429,126","491,695,049","1,413,762,728","92,171,939","117,813,560","3,181,747","1,219,465","3,470,298","2,422,533","1,924,536","1,370,640","30,131"
White House,WHHO,"450,163",0,"450,163","369,060",0,"30,755",0,0,0,0,0,0,0,"323,265,923","168,429,126","491,695,049","1,413,762,728","92,171,939","117,813,560","3,181,747","1,219,465","3,470,298","2,422,533","1,924,536","1,370,640","30,131"
White Sands NP,WHSA,"574,654",0,"574,654","1,441,483",0,"120,123",0,0,0,0,"4,194",0,0,"323,265,923","168,429,126","491,695,049","1,413,762,728","92,171,939","117,813,560","3,181,747","1,219,465","3,470,298","2,422,533","1,924,536","1,370,640","30,131"
Whitman Mission NHS,WHMI,"48,579",888,"49,467","48,579",444,"4,048",0,0,0,0,0,0,0,"323,265,923","168,429,126","491,695,049","1,413,762,728","92,171,939","117,813,560","3,181,747","1,219,465","3,470,298","2,422,533","1,924,536","1,370,640","30,131"
William Howard Taft NHS,WIHO,"30,010",0,"30,010","30,010",0,"2,500",0,0,0,0,0,0,0,"323,265,923","168,429,126","491,695,049","1,413,762,728","92,171,939","117,813,560","3,181,747","1,219,465","3,470,298","2,422,533","1,924,536","1,370,640","30,131"
Wilson's Creek NB,WICR,"230,151",0,"230,151","460,303",0,"38,358",0,0,0,0,0,0,0,"323,265,923","168,429,126","491,695,049","1,413,762,728","92,171,939","117,813,560","3,181,747","1,219,465","3,470,298","2,422,533","1,924,536","1,370,640","30,131"
Wind Cave NP,WICA,"627,750","252,005","879,755","1,762,558","83,160","146,879",0,0,"3,639","3,619",375,505,0,"323,265,923","168,429,126","491,695,049","1,413,762,728","92,171,939","117,813,560","3,181,747","1,219,465","3,470,298","2,422,533","1,924,536","1,370,640","30,131"
Wolf Trap NP for the Performing Arts,WOTR,"403,579",0,"403,579","1,614,316",0,"134,526",0,0,0,0,0,0,0,"323,265,923","168,429,126","491,695,049","1,413,762,728","92,171,939","117,813,560","3,181,747","1,219,465","3,470,298","2,422,533","1,924,536","1,370,640","30,131"
Women's Rights NHP,WORI,"37,253","1,344","38,597","39,916",672,"3,326",0,0,0,0,0,0,0,"323,265,923","168,429,126","491,695,049","1,413,762,728","92,171,939","117,813,560","3,181,747","1,219,465","3,470,298","2,422,533","1,924,536","1,370,640","30,131"
World War II Memorial,WWII,"4,744,224",0,"4,744,224","2,372,112",0,"197,676",0,0,0,0,0,0,0,"323,265,923","168,429,126","491,695,049","1,413,762,728","92,171,939","117,813,560","3,181,747","1,219,465","3,470,298","2,422,533","1,924,536","1,370,640","30,131"
Wrangell-St. Elias NP & PRES,WRST,"74,518",0,"74,518","3,427,825",0,"285,652",0,0,0,0,0,0,0,"323,265,923","168,429,126","491,695,049","1,413,762,728","92,171,939","117,813,560","3,181,747","1,219,465","3,470,298","2,422,533","1,924,536","1,370,640","30,131"
Wright Brothers NMEM,WRBR,"390,686","2,190","392,876","390,686","1,095","32,557",0,0,0,0,0,0,0,"323,265,923","168,429,126","491,695,049","1,413,762,728","92,171,939","117,813,560","3,181,747","1,219,465","3,470,298","2,422,533","1,924,536","1,370,640","30,131"
Wupatki NM,WUPA,"182,999","6,531","189,530","366,302","3,920","30,525",0,0,0,0,17,0,0,"323,265,923","168,429,126","491,695,049","1,413,762,728","92,171,939","117,813,560","3,181,747","1,219,465","3,470,298","2,422,533","1,924,536","1,370,640","30,131"
Yellowstone NP,YELL,"4,062,120","1,203,593","5,265,713","79,958,386","709,645","6,663,198","611,110","476,909","82,315","82,025","38,329","9,850",0,"323,265,923","168,429,126","491,695,049","1,413,762,728","92,171,939","117,813,560","3,181,747","1,219,465","3,470,298","2,422,533","1,924,536","1,370,640","30,131"
Yosemite NP,YOSE,"4,481,945","169,839","4,651,784","65,362,817","4,350,096","5,446,901","673,290",0,"459,202","216,144","155,346","30,057",0,"323,265,923","168,429,126","491,695,049","1,413,762,728","92,171,939","117,813,560","3,181,747","1,219,465","3,470,298","2,422,533","1,924,536","1,370,640","30,131"
Yukon-Charley Rivers NPRES,YUCH,"1,157",0,"1,157","49,210",0,"4,100",0,0,0,0,"1,954",0,700,"323,265,923","168,429,126","491,695,049","1,413,762,728","92,171,939","117,813,560","3,181,747","1,219,465","3,470,298","2,422,533","1,924,536","1,370,640","30,131"
Zion NP,ZION,"4,401,197","21,900","4,423,097","28,614,842","5,475","2,384,570","82,210",0,"122,471","74,692","18,091","20,569",0,"323,265,923","168,429,126","491,695,049","1,413,762,728","92,171,939","117,813,560","3,181,747","1,219,465","3,470,298","2,422,533","1,924,536","1,370,640","30,131"