parkCode,Park Name,JAN_2019,FEB_2019,MAR_2019,APR_2019,MAY_2019,JUN_2019,JUL_2019,AUG_2019,SEP_2019,OCT_2019,NOV_2019,DEC_2019,JAN_2020,FEB_2020,MAR_2020,APR_2020,MAY_2020,JUN_2020,JUL_2020,AUG_2020,SEP_2020,OCT_2020,NOV_2020,DEC_2020
ABLI,Abraham Lincoln Birthplace NHP,1939,6534,14566,16496,24646,26854,37334,34816,32877,19425,15975,6764,6911,7406,12612,15092,21102,29111,37249,31290,29134,18615,12147,7472
ACAD,Acadia NP,8532,9154,20161,68046,226156,490720,756439,759735,603273,436194,46011,12865,12640,13459,28539,55713,103120,201156,493971,681746,500320,480859,76251,21260
ADAM,Adams NHP,27,179,253,537,13187,23963,75333,26011,19602,22021,6031,256,300,320,598,1127,743,759,460,520,575,500,491,544
AFBG,African Burial Ground NM,96,1571,1395,5022,5482,4621,5520,4332,4384,8667,2058,4279,4279,1994,627,0,0,0,0,0,0,446,446,116
AGFO,Agate Fossil Beds NM,0,94,401,391,2188,3276,4222,2775,2227,780,253,50,107,194,176,129,310,834,2377,1686,1558,978,252,121
ALFL,Alibates Flint Quarries NM,42,272,806,1140,1054,1074,1030,534,965,1052,601,277,273,314,233,0,0,130,558,439,599,697,643,383
ALPO,Allegheny Portage Railroad NHS,9975,8874,11908,16847,16008,19590,23073,20404,19387,18642,13453,11028,11253,11180,4644,0,4644,12029,16595,16245,19559,17099,14055,8727
AMIS,Amistad NRA,64128,70392,73512,132270,133542,110780,145472,123571,94169,131963,88876,99225,64740,74908,130920,122962,155682,162016,133179,147118,133583,124343,85430,89258
ANDE,Andersonville NHS,1106,6753,12810,10645,14245,6824,9047,5620,6914,10764,9872,9035,7339,7882,6892,139,7040,5788,3447,5116,4767,4874,4802,5713
ANJO,Andrew Johnson NHS,2659,3506,3705,4190,6347,5590,5583,4353,3775,4227,3199,4055,2607,2618,2825,2678,5390,4072,5453,3939,4168,4200,4043,4099
ANIA,Aniakchak NM & PRES,,,,,,20,35,35,10,0,0,0,,,,,,7,11,4,14,0,0,0
ANTI,Antietam NB,1280,6421,15462,24037,33228,37948,48965,33531,27684,28643,16173,13971,5989,7968,8266,6800,11250,7842,7852,7645,7517,7508,2889,4358
APIS,Apostle Islands NL,0,4424,4602,4311,14080,31904,67657,64711,30468,14045,2537,1874,2630,3961,4947,6646,11925,30027,41565,56793,35324,17647,3881,3663
APCO,Appomattox Court House NHP,116,2284,5725,14285,13468,14108,14600,10358,10634,8820,4811,3188,2782,3649,3221,1500,3540,6360,6574,6454,6196,5897,6874,4466
ARCH,Arches NP,21499,30239,132191,168788,217474,225206,208993,184890,207857,149764,73420,39381,28462,42416,81623,0,13832,163699,193824,164539,203866,177864,103916,64042
ARPO,Arkansas Post NMEM,546,1495,3595,2241,4855,3790,3792,2122,1718,1747,1392,1226,1489,1430,2951,2942,4975,3068,3070,2780,1842,1663,1938,1506
ASIS,Assateague Island NS,64032,43977,74089,153044,199049,312094,502416,453668,274394,144479,76779,46515,53088,49328,72769,38205,142002,498793,558526,456306,279995,171715,103609,57325
AZRU,Aztec Ruins NM,438,1207,4174,5296,6799,9223,9167,6361,7593,7869,2605,3045,1728,2083,3221,1615,1963,2364,3684,2860,3318,3550,2371,1466
BADL,Badlands NP,8981,8059,16517,25083,71885,201516,250898,207743,118262,37727,15450,8877,10145,9979,17183,17290,55637,167784,238875,220523,109186,40508,18926,10896
BAND,Bandelier NM,187,4949,18780,25153,27574,24546,22534,18447,17263,22166,10256,8886,5283,5201,10604,1293,1798,16173,9960,8788,10623,12708,6352,6165
BEPA,Belmont-Paul Women's Equality NM,23,561,1486,990,905,1344,461,789,815,1094,899,546,918,981,619,0,0,0,0,17,0,0,0,0
BEOL,Bent's Old Fort NHS,36,441,1526,1779,4172,3251,2844,2117,2379,1434,774,921,479,629,632,0,517,1795,2350,1659,1746,1437,690,504
BELA,Bering Land Bridge NPRES,260,127,292,216,172,148,438,156,61,422,182,168,260,127,292,216,172,148,438,156,61,422,182,168
BIBE,Big Bend NP,29318,43129,83826,49312,37411,21228,21747,17238,21246,42724,50688,45965,43740,50584,61413,0,0,26735,0,10861,26515,51231,62515,60314
BICY,Big Cypress NPRES,86391,183754,112730,67562,62298,49683,49956,53820,66352,75219,99814,99892,152542,198012,131162,46748,84674,62260,83595,83909,61048,77877,99941,100163
BIHO,Big Hole NB,94,263,479,721,6253,8173,10502,8969,6338,3268,506,295,390,476,417,145,2804,5368,9703,9506,6920,257,178,295
BISO,Big South Fork NRRA,34256,42159,41577,61262,95441,87592,66724,72051,80407,75688,55058,38279,38179,55721,46589,43072,59632,82713,106576,80783,82598,63208,67568,45986
BITH,Big Thicket NPRES,9372,14046,14859,23174,28055,22177,22504,26920,28408,23715,25929,16767,15720,15427,19747,14315,22953,33378,23415,22459,33466,41960,34836,31378
BICA,Bighorn Canyon NRA,5713,4082,7091,14104,26038,47620,41646,63717,23104,7016,4569,4959,4430,6523,7692,9432,13216,40503,50669,44957,18306,5796,5790,4981
BISC,Biscayne NP,50873,59754,76685,64172,79779,65173,60239,46191,46723,38582,59948,60403,79041,91655,11052,2358,43692,32646,28770,34416,24678,17526,16320,20616
BLCA,Black Canyon of the Gunnison NP,4921,6369,12180,25077,75198,75289,51368,80046,48420,25828,22684,5438,8107,9112,5849,19803,25976,27583,61521,58097,48257,47739,23249,6327
BLRI,Blue Ridge PKWY,346381,472547,702102,1215176,1505593,1686773,1706627,1845584,1712713,1865647,1245446,671496,493744,574174,763211,860826,1209816,1647656,1457864,1520740,1782029,1873218,1238425,677782
BLUE,Bluestone NSR,75,84,218,375,3800,6659,9530,6939,5299,4684,0,0,0,0,0,0,0,0,8890,7036,4857,4424,0,0
BOWA,Booker T. Washington NM,85,1316,1808,2399,2034,3380,2917,2589,1438,3111,1485,2078,814,986,1707,0,115,2084,1670,2426,5180,3778,2478,1244
BOAF,Boston African American NHS,2349,6113,5988,7817,41769,100652,95579,88618,32197,21473,10269,6761,2137,5216,4322,4662,6999,18750,17950,16808,5942,3920,1735,1175
BOST,Boston NHP,54898,82987,153851,229628,298885,405914,505800,456429,353098,359876,172784,127684,77986,94825,45491,0,0,0,1780,15006,14374,20614,6604,490
BRVB,Brown v. Board of Education NHS,41,906,2158,1894,2889,2551,3183,1896,1397,1626,1950,922,1103,1304,842,0,0,496,319,0,0,0,0,0
BRCA,Bryce Canyon NP,36860,29813,75853,207061,327975,398290,401970,383458,392428,232094,65748,43354,32744,38890,45132,3223,69579,195463,227563,210153,280398,228770,80618,52122
BUIS,Buck Island Reef NM,3709,3688,4494,3652,2639,3780,4137,3017,1208,1283,2364,3114,2419,2554,2655,390,750,1406,2004,996,325,699,1591,243
BUFF,Buffalo NR,18144,25119,71116,113657,172613,319042,181692,148993,114939,82878,42257,35832,27205,34196,72974,0,140003,348664,301230,218672,139396,99108,68848,28550
CABR,Cabrillo NM,6806,56248,76140,72306,66020,70746,91365,77624,62052,58619,62287,61272,70854,63403,28509,0,11801,39365,59814,55970,48676,47287,52531,45668
CANA,Canaveral NS,29020,211401,162987,195898,246616,200381,162947,165527,138980,118089,129264,123012,83344,83748,92736,5550,6065,106883,112898,93577,173768,134756,128413,141212
CARI,Cane River Creole NHP,41,1368,2992,2717,2977,3440,4188,3303,1012,3748,2465,1671,3355,1181,1405,0,0,2738,2502,2419,628,524,1146,1532
CACH,Canyon de Chelly NM,20409,20192,35139,18779,50574,44751,46786,51391,43466,39810,52740,36720,24623,19718,28970,0,0,0,0,84,224,1887,0,0
CANY,Canyonlands NP,7146,9705,60792,89861,114464,92295,64672,69297,97817,82642,31582,13723,9051,12121,14490,0,6304,63685,70480,59334,74444,107063,52831,24112
CACO,Cape Cod NS,114182,131478,158934,216513,361965,444653,660198,752184,554274,329706,181896,190121,161505,134957,165874,198527,273449,442213,762109,680943,506944,386599,209045,161340
CAHA,Cape Hatteras NS,72767,72796,135597,205590,263356,384260,438846,398662,242139,188710,122516,81393,81916,76105,109749,69422,208837,399364,451849,387379,345294,259618,167925,91064
CAKR,Cape Krusenstern NM,1098,835,634,708,778,1398,1700,1670,1438,1687,2569,1711,1204,338,222,248,270,490,595,585,1450,1687,2569,1711
CALO,Cape Lookout NS,21586,15944,23471,65099,35635,47699,54214,59624,38323,41008,26383,26540,22178,17177,25410,32331,35291,41603,66903,67926,60367,54043,30292,34810
CARE,Capitol Reef NP,11893,12368,73416,147156,196840,151410,129372,127341,170057,146664,42859,17143,14155,20579,45804,13014,90903,158421,123274,106071,178879,120014,73268,36656
CAVO,Capulin Volcano NM,194,3324,5767,3634,7794,15510,20642,10050,5743,4257,2315,2387,1918,1868,4776,1196,3588,9414,11589,9365,7002,5974,3371,3274
CARL,Carl Sandburg Home NHS,162,4617,12855,9824,8261,5983,7501,6488,6674,7283,4464,4032,3993,4617,4018,0,0,3589,4501,3892,5339,5927,3571,3225
CAVE,Carlsbad Caverns NP,3093,19470,56581,37543,41516,57111,69444,36354,28455,33014,27519,30591,21319,20860,28925,1139,1338,10124,18855,17002,16717,21424,9265,16868
CAWO,Carter G. Woodson Home NHS,0,208,129,535,154,330,183,227,53,224,93,245,76,432,40,0,0,0,0,0,0,0,0,0
CAGR,Casa Grande Ruins NM,1606,12240,14582,6509,4565,3203,2663,2119,3026,4956,5731,7179,10566,13111,7153,0,0,937,889,784,1016,2748,3221,3844
CASA,Castillo de San Marcos NM,5092,61948,96568,72194,58673,60200,75495,43197,27316,39668,59650,73394,72144,64923,42698,788,3375,4138,5591,3568,2666,10200,59650,73394
CACL,Castle Clinton NM,181143,193675,269440,412122,413828,468687,558814,550729,372332,375893,271108,293263,187828,191971,90681,0,0,0,5464,22235,34619,34989,29150,36856
CATO,Catoctin Mountain Park,9339,3243,21266,25887,9419,48622,34384,32928,34645,42065,23371,11677,27888,27788,40810,37856,57798,39457,59593,44336,82249,48488,46252,27468
CEBR,Cedar Breaks NM,15235,4167,1948,7870,20813,79434,134469,116109,98651,70311,21712,9142,15118,11024,9050,14391,70800,117658,167899,138713,147812,101724,27544,24135
CECH,Cesar E. Chavez NM,0,907,2503,1264,1342,1096,1630,1768,1798,1606,1312,1264,1743,1833,751,85,176,176,172,140,125,190,127,150
CHCU,Chaco Culture NHP,110,773,3590,5949,7104,4543,5590,4228,7267,4167,2672,1349,1376,1271,1653,105,99,284,88,495,854,1369,371,267
CHAM,Chamizal NMEM,639,2938,1794,9271,3448,3394,1546,2049,3690,4992,2458,2009,1407,3203,752,1793,2033,1053,1432,1672,1454,2188,1281,912
CHIS,Channel Islands NP,9193,22263,34951,39218,39070,44915,47581,49793,38681,36691,25212,22062,18955,20318,13408,365,2514,13740,15323,18462,18147,26302,16745,3011
CHPI,Charles Pinckney NHS,79,5670,3950,3294,3129,3102,3483,2484,3127,2981,2457,1739,1974,2646,940,0,151,1161,1696,3807,3383,2835,3105,2025
CHYO,Charles Young Buffalo Soldiers NM,122,815,1100,820,1460,1550,1379,2429,2745,378,766,542,199,904,260,30,35,50,90,90,94,259,110,340
CHAT,Chattahoochee River NRA,204389,133850,202255,244182,369867,439384,301019,391718,332490,281956,321310,170713,201543,192397,184411,59278,193075,337055,419372,393599,344875,275476,250915,214881
CHOH,Chesapeake & Ohio Canal NHP,199712,200441,287249,425458,512921,704171,622845,569556,574676,426628,358222,234908,186697,215192,422762,357869,441045,454002,588204,486754,515743,470709,402455,347004
CHCH,Chickamauga & Chattanooga NMP,51862,62526,89200,88562,93698,93095,97942,87375,87183,75900,78218,71597,64835,67862,73878,1985,30828,60642,58164,60782,60144,68562,67170,63562
CHIC,Chickasaw NRA,46767,63363,85970,95164,164229,217020,230406,211904,134817,63284,53306,56382,46248,59924,70965,58584,134101,225218,228665,220467,135805,63978,53054,51113
CHIR,Chiricahua NM,2083,5719,12479,9002,6250,2899,2763,2532,2574,5351,4612,4391,5541,7365,5995,747,1999,2303,2673,2551,3187,3931,4169,4333
CHRI,Christiansted NHS,7398,10305,11539,8869,8330,8685,8760,7797,7762,8131,8023,7995,7981,8165,7419,0,150,6,25,0,7,9,11,43
CIRO,City of Rocks NRES,188,188,302,2270,15628,23582,13936,16659,12082,7896,3885,2695,808,948,1607,7091,16157,18843,16285,13059,16136,12362,4815,2092
CLBA,Clara Barton NHS,,100,350,450,450,450,450,450,450,400,350,200,,100,350,0,0,0,0,0,0,0,0,0
COLO,Colonial NHP,136446,107039,285752,340954,328825,365948,389391,361274,321973,322718,193094,173854,136621,106978,280516,333703,281443,261241,239615,307596,320749,319247,186900,171985
COLM,Colorado NM,17335,11779,22153,35626,47502,45087,49299,53897,48749,31552,19974,14079,16280,12438,28065,39009,47722,40664,50586,50100,49348,42377,31369,27667
CONG,Congaree NP,7000,10910,17121,15408,28786,13282,10936,11028,8312,13902,11765,10995,9672,10220,10790,0,140,4278,12127,9554,11375,18736,17134,13944
CORO,Coronado NMEM,8046,5505,14045,8739,9526,7218,7386,12838,11072,7592,12309,26052,13002,13152,13784,17568,13967,10655,12204,17208,11796,12810,12098,7955
COWP,Cowpens NB,2041,19021,21798,17586,19428,21960,20946,38556,17157,18194,14719,12007,17072,12397,17252,24786,21504,20026,17424,19384,18802,20742,20171,17343
CRLA,Crater Lake NP,3120,2436,4800,15898,44808,103442,201191,163472,98266,41635,16843,8601,3492,3351,5304,686,814,59731,209678,222368,59093,61613,18270,26100
CRMO,Craters of the Moon NM & PRES,102,5134,6938,15959,28666,51116,55562,47304,40804,10636,6556,3447,2920,4371,5193,10881,13299,29673,47535,48481,49516,28430,5754,4821
CUGA,Cumberland Gap NHP,164,31274,53292,77489,68678,72887,85082,77974,68560,75831,57344,36023,45180,43287,42924,14810,59860,63994,71882,95368,91417,97924,74133,34668
CUIS,Cumberland Island NS,268,3290,8362,7432,6430,4803,5194,2748,2030,5536,4959,2852,3736,4314,4734,0,445,620,4576,2951,3382,4426,3827,4284
CURE,Curecanti NRA,16484,15874,17746,25621,55592,130551,222352,144598,86658,70536,36461,13561,18161,18145,18550,38461,57777,145130,189318,177145,131047,65385,42062,20403
CUVA,Cuyahoga Valley NP,88020,82061,126521,177318,225949,284079,284928,285616,226681,203708,142329,110787,86025,76779,190992,239572,270987,324096,345047,354865,296539,266194,179027,123713
DAAV,Dayton Aviation Heritage NHP,677,2144,4932,9485,13570,10795,11572,7967,8331,7970,5374,11892,2348,2378,1720,360,450,1839,4219,4665,4766,3121,3755,10230
DESO,De Soto NMEM,2589,25594,26550,14485,15011,15185,11831,14270,8373,15162,18987,19843,19416,25852,18381,2400,18428,17008,18028,12981,15855,20621,16504,21671
DEVA,Death Valley NP,111954,112925,178553,177696,155378,122013,142487,165632,168894,138152,132013,135248,99063,127628,112464,18361,19994,29404,42566,39387,38762,66744,131552,94098
DEWA,Delaware Water Gap NRA,130962,156297,146048,249160,336632,355136,510552,434019,328025,301758,254518,171758,142490,164181,141648,191853,374093,400041,653619,616528,408012,472581,309651,193832
DENA,Denali NP & PRES,96,2603,4613,3686,53995,144156,168078,154044,61504,3863,1799,2715,1330,2863,1687,5,105,10031,13802,14482,10523,13,5,4
DEPO,Devils Postpile NM,,,,,,775,45648,44879,31954,24608,0,0,,,,,,7544,47408,45487,8151,0,0,0
DETO,Devils Tower NM,2421,2066,4753,9686,33997,96663,113849,100207,62469,17290,4294,3090,2565,2515,2625,0,11953,68981,108772,113593,68726,29908,9005,5354
DINO,Dinosaur NM,1137,3189,5603,18794,36588,57804,62538,52365,29562,18868,7814,4703,4703,4281,8305,6721,12635,26425,64076,54425,39591,26653,10323,6008
DRTO,Dry Tortugas NP,6179,6937,7417,7720,8124,8041,7692,6658,4694,4432,5336,5970,5911,5972,3674,200,308,4389,3928,3971,4510,5384,3901,6395
EDAL,Edgar Allan Poe NHS,162,957,1566,1406,1446,1461,1608,1665,1224,1565,1574,893,981,1056,381,0,0,0,0,0,0,0,0,0
EFMO,Effigy Mounds NM,1714,2550,3142,2034,5723,9144,11405,10110,6512,9325,1856,2066,2209,3016,2950,550,750,1500,2500,1300,650,900,600,1300
EISE,Eisenhower NHS,,250,1262,3957,5235,6942,6542,5718,8362,5435,1833,1741,,343,352,0,0,0,541,1333,2006,2645,700,6
ELMA,El Malpais NM,2247,5671,13747,15330,17983,18582,17556,17514,16772,15771,10278,7473,7265,8349,14579,7655,9580,11770,15223,14509,14958,14454,12081,8913
ELMO,El Morro NM,1337,2354,5112,5633,8063,9899,10073,7441,6523,6119,3614,2699,3039,3032,3908,0,0,1612,4867,4853,5133,4552,2942,2390
ELRO,Eleanor Roosevelt NHS,88,570,1210,2237,4804,6344,6965,6914,7294,8612,1918,674,822,1209,597,290,1337,1043,798,669,715,988,614,499
EUON,Eugene O'Neill NHS,5,140,282,268,288,620,255,255,296,233,152,150,161,180,966,1267,1543,1388,1402,1325,1476,1521,1744,1450
EVER,Everglades NP,85838,96953,146859,131278,77435,68267,63394,80177,60469,70222,103643,133765,95635,165994,99917,4784,24446,69851,43509,46912,20084,20795,30813,79579
FEHA,Federal Hall NMEM,2720,15121,21239,28577,27693,31307,36042,33851,15888,20505,16351,15555,6849,5066,1907,0,0,0,0,0,0,0,0,0
FIIS,Fire Island NS,4163,8406,10772,13027,28430,46572,80760,99007,47798,25520,15552,11304,10383,11717,10536,4375,11324,22569,47155,49334,32206,21254,11745,17852
FILA,First Ladies NHS,110,175,257,284,1195,1590,1470,1290,970,896,908,1768,333,479,130,0,0,9,287,323,341,322,134,48
FLNI,Flight 93 NMEM,3070,6837,17606,27680,45431,45987,56264,51672,61091,62387,24130,9071,7734,8682,6842,0,9506,19136,29929,31929,48580,58617,18389,5020
FLFO,Florissant Fossil Beds NM,296,1888,2945,4272,7647,12744,14114,12295,10789,6340,2590,1420,1878,1595,2108,339,570,7590,14803,11824,9823,5543,3115,1895
FOTH,Ford's Theatre NHS,6472,25347,66948,87384,74006,74006,66618,31285,23908,45381,33589,37429,17021,24447,11706,0,0,0,0,0,0,1492,1392,0
FOBO,Fort Bowie NHS,445,989,1488,945,555,401,203,178,394,605,651,723,1014,1253,1174,237,137,96,81,45,254,601,777,787
FOCA,Fort Caroline NMEM,6243,19719,23162,20476,20584,12293,11997,13260,7500,5600,12629,34195,44553,52898,49944,35077,44052,30890,25928,15307,17006,24783,41002,23036
FODA,Fort Davis NHS,356,3664,9547,5276,4598,4138,4506,2903,3456,4856,4763,3932,2765,3406,7038,656,1676,1548,2254,1727,2415,4409,5324,2702
FODO,Fort Donelson NB,15764,12730,18481,27779,34989,33207,17142,22746,25134,19006,14153,13300,13518,41707,18360,6982,20058,26576,24504,21411,78228,28991,31202,13959
FOFR,Fort Frederica NM,10646,16250,28702,19387,18538,21174,21681,14888,9865,18208,19271,13720,14924,24604,9377,259,2684,10599,36505,28020,25389,31743,25342,17303
FOLA,Fort Laramie NHS,13,605,1078,2260,4878,7898,9450,5950,6355,2942,828,635,871,756,905,940,1563,2993,5125,4220,4335,2725,910,725
FOLS,Fort Larned NHS,20,620,1174,2182,4450,3345,4173,2928,2158,3292,1478,1138,676,2118,3596,800,1166,1869,1950,2130,3584,2230,850,926
FOMA,Fort Matanzas NM,20241,32131,79235,57376,62356,62567,86658,76275,25856,32560,38194,20339,28322,38733,32054,14605,53968,58285,72000,55022,71019,58940,27864,32778
FOMC,Fort McHenry NM & HS,486,18712,31629,54103,66277,50213,51087,50600,56251,19998,11496,8693,13733,16435,19206,0,0,12857,12394,22823,26470,17777,14331,7198
FONE,Fort Necessity NB,1607,2268,4321,7607,39548,46160,54756,52716,32082,34186,25101,11752,3192,2936,1567,0,3465,23520,37387,37174,33724,30188,21960,4688
FOPO,Fort Point NHS,40541,57164,125630,197520,149691,147455,153992,154135,117068,106396,86610,85147,90604,77601,62601,24632,38327,64641,76704,95223,80906,94946,88251,90102
FOPU,Fort Pulaski NM,8812,28565,21449,42515,40183,37945,43460,33792,26312,35340,30177,25740,32169,34456,34863,23735,24715,25466,29057,26878,30792,33269,31915,30659
FORA,Fort Raleigh NHS,5230,5324,9369,17688,31409,48014,43000,37729,18817,15208,9860,6491,5565,5948,6550,5933,6544,17432,24681,20427,19826,19779,11524,9310
FOSC,Fort Scott NHS,135,574,1333,2800,3290,3087,2918,2198,2546,2242,1470,1475,528,888,1291,548,1111,1613,1799,1999,1624,1486,1045,720
FOSM,Fort Smith NHS,4466,6794,9386,10101,12288,9941,18522,10692,20064,11030,7169,5047,4697,6698,3233,3996,2830,4636,8308,7374,7592,8562,5306,4342
FOST,Fort Stanwix NM,1879,1262,2106,5425,7967,11884,34923,10613,10610,6425,2760,1558,1560,1879,1087,900,1240,1800,2896,4319,4178,2259,1357,659
FOSU,Fort Sumter and Fort Moultrie NHP,39481,51578,83927,105391,82685,100365,118077,91702,36802,64850,52629,50407,41630,49075,30891,300,7193,35148,37757,38182,33095,34971,29219,27672
FOUN,Fort Union NM,45,341,989,995,1476,1561,1494,1017,1290,1010,414,431,459,560,480,0,198,557,656,438,613,674,379,320
FOUS,Fort Union Trading Post NHS,34,34,196,385,2169,3656,2517,1902,1351,462,162,99,46,107,95,15,60,217,2005,1191,925,373,143,48
FOVA,Fort Vancouver NHS,51761,58676,55372,66250,98553,116876,132587,124641,96894,85075,56514,75015,54681,62013,42268,41241,59244,74455,75645,69118,65622,45790,40726,39308
FOWA,Fort Washington Park,1034,7685,53852,45809,57676,63195,66778,43748,38388,17352,16756,11595,7453,8304,24474,4500,4500,4500,4500,17874,21157,18315,19820,24893
FOBU,Fossil Butte NM,9,44,324,567,2186,4053,5052,3744,2936,1291,274,74,39,79,206,14,106,1793,3428,3060,2790,1274,249,138
FRDE,Franklin Delano Roosevelt MEM,64117,91467,342208,553920,518912,418325,315445,221632,220427,266144,195104,95872,83627,124331,159317,5771,6592,13163,69691,156366,113620,119681,84192,74635
FRDO,Frederick Douglass NHS,89,4496,6323,7537,6813,7537,8434,5031,3727,4088,3952,3036,2258,6089,2622,0,0,0,0,0,0,0,0,0
FRLA,Frederick Law Olmsted NHS,12,105,343,865,328,623,913,959,1703,1233,634,73,246,284,251,0,41,290,392,361,270,316,365,130
FRSP,Fredericksburg & Spotsylvania NMP,62109,58749,69981,80641,91204,79236,89137,82618,74598,77453,74362,66712,64090,63052,66975,75737,71609,67115,83421,76918,70505,80171,64966,54276
FRHI,Friendship Hill NHS,524,690,1240,1338,2981,2768,3167,2541,14335,2348,1355,872,901,1177,1172,1166,1121,1451,2362,3079,2608,2108,1331,986
GAAR,Gates of the Arctic NP & PRES,,,74,91,454,647,2852,5399,966,35,0,0,,,0,0,0,5,1178,1195,477,17,0,0
JEFF,Gateway Arch NP,18962,51416,164238,138309,165964,296149,583866,208999,127764,122770,91836,85036,51753,62958,54112,30000,31000,50905,33748,31610,32146,44373,33888,29529
GATE,Gateway NRA,504178,543132,653021,662417,818697,1055032,1223949,1085625,908313,733807,655858,561593,624000,604027,628021,360025,673758,1031670,1113020,1074501,806423,587324,509324,392636
GARI,Gauley River NRA,1528,2908,6392,7318,10359,8152,12448,8402,37022,18160,4858,1735,1320,3003,5398,6653,1303,9735,7903,8440,31688,22953,6838,4148
GEGR,General Grant NMEM,611,2870,4590,6421,7422,7737,37438,12219,12421,9190,7033,5900,4241,6117,2952,0,0,0,0,2283,2530,2500,3816,36
GERO,George Rogers Clark NHP,633,2404,4104,11845,36257,8702,28453,15558,10039,9856,5608,6671,2407,3139,2471,3800,4100,6819,6914,6549,6491,7098,4297,2023
GEWA,George Washington Birthplace NM,88,1184,6282,17780,16107,17804,21872,15284,10269,25508,5268,2220,1065,2560,6213,613,0,0,18,7532,5075,11253,6213,1433
GWCA,George Washington Carver NM,123,2376,6697,7378,5035,3892,5032,3005,5492,5285,3620,1618,1691,2380,2891,1666,2342,2774,2657,2697,2486,2117,1546,1322
GWMP,George Washington MEM PKWY,181007,308090,526192,764112,805582,733665,888824,864637,690369,643294,621793,459700,192018,327579,466602,171950,176618,701259,824144,1085649,676160,625377,595706,394299
GETT,Gettysburg NMP,13512,19119,57132,101306,145028,128930,118230,93228,82542,100427,46198,19465,17098,21649,30358,17480,40256,53778,82448,74859,65779,76588,37320,18940
GICL,Gila Cliff Dwellings NM,536,3530,10118,8535,8047,7118,7128,4389,4874,5897,3953,2489,2883,4135,5466,661,1466,2413,2625,1956,2868,3512,1927,1733
GLBA,Glacier Bay NP & PRES,173,173,195,3642,121332,132054,152932,145002,111922,4319,172,171,173,173,173,168,286,807,1480,1489,476,179,173,171
GLAC,Glacier NP,13581,11240,23989,35491,167403,544088,879711,771874,488909,78408,20008,15137,13651,18020,24377,0,0,202701,453977,459121,343911,125544,29366,28196
GLCA,Glen Canyon NRA,93477,85411,198242,409809,485027,739411,794257,581598,303009,361918,179137,99267,79764,70781,135798,80484,159454,331726,547171,326906,362284,259378,122383,77131
GOGA,Golden Gate NRA,858993,1003946,1351250,1382599,1232164,1408780,1371028,1383260,1479950,1435037,1109237,985983,1019543,1032222,934122,696195,778992,1150643,1167656,1326099,1255754,1043953,957412,871055
GOSP,Golden Spike NHP,352,1047,3190,10278,49540,11412,11624,7824,6388,3551,1630,1318,849,1618,2378,5220,5284,8476,8514,5646,5681,3967,1943,3535
GOIS,Governors Island NM,,40,40,35,81095,104916,105625,145081,106971,47190,0,0,,0,0,0,0,0,0,7980,48072,46863,0,0
GRCA,Grand Canyon NP,225056,213050,451228,562265,618598,643821,756860,700896,578852,551558,347847,324380,246460,252897,276002,0,45486,240182,358802,311443,255946,433778,287329,255877
GRPO,Grand Portage NM,45,1178,1951,1680,5619,14226,21929,28561,10659,6480,1389,1268,1533,1272,1899,752,579,5355,15576,16881,12370,7850,1312,1047
GRTE,Grand Teton NP,56635,43913,65864,59105,278529,625441,775788,702022,517265,186487,48132,46433,51648,55197,51455,0,123756,468201,755766,710198,603789,351173,57039,61416
GRKO,Grant-Kohrs Ranch NHS,31,269,454,833,2514,3824,4747,3939,2169,4905,487,871,443,392,471,319,541,1650,3555,3114,2397,1202,594,650
GRBA,Great Basin NP,689,1060,2391,6100,11516,23246,23290,24674,22735,11772,3330,999,2619,2244,2693,816,4587,16223,23033,20133,25794,17538,2691,1879
GRSA,Great Sand Dunes NP & PRES,4404,5154,19541,25183,68473,122086,103293,81085,52946,32180,8606,4595,5232,5820,19561,5227,0,78191,102800,97370,66495,53468,17734,9635
GRSM,Great Smoky Mountains NP,496743,421770,786305,999259,1096056,1469857,1613133,1411231,1273326,1408013,851419,720631,438509,426839,487535,99371,828792,1535660,1726187,1544254,1400171,1739720,1091098,777584
GREE,Greenbelt Park,1437,5262,12559,18189,23552,23643,19030,18094,3436,1500,1000,1000,1359,1370,2284,2457,2438,2147,1976,2092,2722,4491,3019,1965
GUMO,Guadalupe Mountains NP,1049,9462,27831,20970,25204,14376,13540,10532,12157,23513,15161,15038,14151,14716,19505,2321,0,1588,8285,7767,14552,25654,25402,17315
GUCO,Guilford Courthouse NMP,1938,6354,21320,21987,22593,19264,36241,12592,26027,23178,11346,21060,10070,15231,18586,0,0,16243,21993,27420,20636,28568,15742,11531
GUIS,Gulf Islands NS,120594,299043,495965,564302,699278,561638,621752,569383,473992,412684,451902,329707,338229,342256,357247,57748,385006,566028,537182,525528,345940,157655,169122,230188
HAFO,Hagerman Fossil Beds NM,4,678,2090,2001,3109,3915,4026,3166,2170,1296,753,560,417,716,618,590,634,2384,3225,2543,1520,1031,298,138
HALE,Haleakala NP,53523,83666,93074,87763,85159,85338,86267,84618,98856,73204,72075,90851,77427,69447,35688,0,0,2376,10048,1854,9608,13997,42320,56382
HAGR,Hamilton Grange NMEM,495,3901,5074,5449,4971,6008,7997,8295,4409,5381,10485,8782,2988,3880,4768,0,0,0,0,1410,1877,1900,5242,0
HAMP,Hampton NHS,15,2041,2243,2472,2642,2512,2334,2832,2134,2869,2544,3596,2091,2157,1081,100,100,100,333,288,446,778,848,0
HAFE,Harpers Ferry NHP,161,2824,12869,28319,33285,41471,41765,40321,32330,36137,21958,8137,4343,6035,6774,15638,24538,25932,28230,27870,25330,29525,28875,11383
HSTR,Harry S Truman NHS,233,639,2349,2485,3316,4017,5063,3557,3142,3265,1788,892,837,906,1087,575,902,845,964,751,837,959,545,238
HAVO,Hawaii Volcanoes NP,128836,120931,113452,103247,102792,113015,133249,125357,92720,96054,107457,131266,130909,124004,61695,60,0,15903,36164,31876,25270,27962,41888,93465
HEHO,Herbert Hoover NHS,1088,2483,13869,7318,12954,13943,17001,20359,11425,10407,7289,7552,6315,5973,2631,4565,8480,5097,5305,5988,4619,3061,2530,1706
HOFR,Home of Franklin D. Roosevelt NHS,780,4732,6914,11968,15976,18420,16516,17913,17791,21164,9760,5175,4397,6288,5189,2047,2803,3432,2586,2762,3146,2346,3116,1980
HOME,Homestead NM of America,406,2188,2497,4885,9646,10080,7533,5874,6595,6998,2604,2330,2711,2369,3055,1364,1932,3992,6549,5303,4613,3618,3350,2042
HOCU,Hopewell Culture NHP,1226,1627,3838,4062,6477,7976,8956,9816,6548,5581,2592,1639,1211,1858,2798,3328,3827,4130,4259,4253,3846,3242,1821,1137
HOFU,Hopewell Furnace NHS,311,2098,3472,4172,4958,5781,6618,7319,7338,3694,2948,1152,858,791,1236,0,0,4546,6587,5913,6876,4180,1569,1732
HOBE,Horseshoe Bend NMP,96,1961,6644,3756,6528,5381,8193,3853,2387,2348,2122,2103,1373,1754,3382,747,910,4425,4713,3722,2586,2042,1686,1260
HOSP,Hot Springs NP,73964,79322,125290,113397,136514,149049,139005,181982,143915,137861,108534,78320,40840,51743,66695,41457,45894,65046,50976,65475,41356,43712,45450,33430
HOVE,Hovenweep NM,572,615,2119,3961,5674,4976,4644,1815,5149,3976,1156,742,723,768,1561,0,1015,2250,2985,2385,3888,3000,1045,238
HUTR,Hubbell Trading Post NHS,78,653,2675,4664,6502,6590,7388,2800,5572,5660,740,6963,3999,4364,3044,0,0,0,0,0,0,0,0,0
INDE,Independence NHP,59682,179578,309348,455740,548136,574706,553191,473898,409902,362563,336151,269564,188650,188252,91800,20057,46057,56194,40389,45807,84489,85774,40490,19131
INDU,Indiana Dunes NP,69916,85702,219070,107862,142403,302203,449968,290469,206226,105984,79674,74808,82444,87813,93273,91272,154428,341505,427408,389689,225594,227773,111753,127821
ISRO,Isle Royale NP,4,37,55,61,1055,4837,7714,8798,3342,402,47,58,47,49,41,0,0,240,2160,2494,1404,58,0,0
JAGA,James A. Garfield NHS,50,2628,1902,4697,4701,5176,6910,4520,3495,3833,2073,1320,1183,3773,1085,600,620,620,1866,1457,1286,1022,656,629
JELA,Jean Lafitte NHP & PRES,14061,36734,66490,58066,54829,56752,49748,46991,51525,57565,50221,47347,39582,44842,32040,1800,2520,6050,5863,9317,11209,12658,12120,14600
JECA,Jewel Cave NM,12,143,2057,2811,8674,29473,47830,18656,10057,2845,832,99,124,139,1912,1112,2524,3785,8935,7937,6429,3625,1442,1331
JICA,Jimmy Carter NHS,279,3467,4610,6796,3562,4874,4122,2834,10839,2786,3736,2884,2085,3297,1804,0,0,281,974,752,967,1672,1402,1033
JODR,"John D. Rockefeller, Jr. MEM PKWY",2518,2518,2333,2623,99854,295038,373508,330191,231367,76465,5537,4714,2341,2728,2420,0,45202,233954,350086,327916,261147,138588,5259,4176
JODA,John Day Fossil Beds NM,1627,1310,7340,14239,23956,25798,36000,33506,24326,13350,7980,7659,3808,4770,1596,0,8137,15593,13695,15266,9849,10050,3144,2663
JOFI,John F. Kennedy NHS,3,146,217,543,1853,3023,3531,3702,2885,8532,267,136,272,179,0,0,0,0,0,0,0,0,0,0
JOMU,John Muir NHS,1480,2811,4026,5704,3877,3615,4497,3535,3179,2957,2657,2387,3267,4057,2887,3395,2353,5046,2328,1266,1262,2682,984,2112
JOFL,Johnstown Flood NMEM,7,2482,5484,13921,25716,13573,24461,29160,24844,24470,12444,6581,2160,3802,1344,0,9614,3576,11011,13558,13543,16177,8460,4560
JOTR,Joshua Tree NP,195993,261230,469183,374789,250928,187551,138967,120911,160294,233995,291230,303476,268187,298294,226600,0,89831,184139,147037,134518,168181,253877,360238,268640
KALA,Kalaupapa NHP,5913,5824,5834,5714,5713,5892,5828,5775,5775,5711,5677,5745,5820,5850,2487,36,70,112,236,115,75,383,650,17
KAHO,Kaloko Honokohau NHP,14780,25457,25804,19569,15169,23220,23028,15711,12995,14796,16334,26058,24199,23526,12800,3908,5224,6348,7931,7947,7539,9226,10219,15010
KATM,Katmai NP & PRES,100,100,100,100,100,9690,37318,23772,12587,100,100,100,20,20,20,20,21,7749,14922,14771,13908,20,20,20
KEFJ,Kenai Fjords NP,21,37,40,21,28944,91280,120632,78129,33346,4121,7,23,28,58,72,2,4161,21121,31809,32689,21158,4704,33,41
KEMO,Kennesaw Mountain NBP,99433,123121,253424,431357,119569,308321,318751,240941,224842,252719,133205,115367,221227,162423,277865,3400,146739,278298,220440,244755,198239,224046,261249,117721
KEWE,Keweenaw NHP,0,365,513,458,2067,2214,4244,4399,3714,2050,153,358,69,503,180,0,0,0,0,497,435,446,153,358
KICA,Kings Canyon NP,20295,9227,22067,41156,57345,90612,102440,113009,81206,55118,25439,14196,19845,17975,6605,0,0,60989,101797,95540,42936,40030,21121,8239
KIMO,Kings Mountain NMP,7960,17326,22175,24931,28274,23838,26436,26317,27847,19160,23393,14374,13752,13734,21293,20517,22849,27261,39415,15963,23276,21726,14996,14695
KLGO,Klondike Gold Rush NHP Alaska,,6,12,2,233882,250151,266219,219853,145778,1,52,205,,0,0,0,12,36,76,36,65,29,0,43
KLSE,Klondike Gold Rush NHP Seattle,610,3900,6831,7029,11330,16219,18563,17510,11467,6621,6049,3670,4943,5140,1150,0,0,0,0,0,71,331,1368,0
KNRI,Knife River Indian Villages NHS,18,24,106,256,1312,1998,3030,1853,1196,364,141,56,23,44,92,90,120,434,1869,1007,867,494,140,84
KOVA,Kobuk Valley NP,1098,695,764,808,778,1398,1750,1770,1538,1987,1569,1611,1204,733,267,282,272,490,612,620,1538,1987,1569,1611
KOWA,Korean War Veterans Memorial,97525,129739,332875,512768,546731,495499,373813,310592,301707,346976,235477,157931,145909,118944,152960,9643,6795,10603,154438,137348,166153,200071,133126,127724
LACH,Lake Chelan NRA,847,805,1146,2107,3684,5055,7366,7001,5600,2926,1299,949,861,1023,925,918,1595,3526,6273,6230,4589,2473,1127,1058
LACL,Lake Clark NP & PRES,0,0,0,0,367,3751,5114,5580,2345,0,0,0,147,203,309,0,6,254,1482,1418,902,0,227,0
LAKE,Lake Mead NRA,463711,532361,649071,700689,721614,776181,793801,649731,631999,621325,539690,418876,532420,600514,590978,393547,919873,884687,931296,812397,676136,665148,506354,502963
LAMR,Lake Meredith NRA,58612,84646,84569,81242,113234,250368,201896,178391,96336,74047,52311,52688,38563,64589,80173,102793,282409,204812,174390,205132,152207,117175,104001,86540
LARO,Lake Roosevelt NRA,48961,48392,57391,69489,72258,204170,293703,280100,93586,78402,49674,62692,41233,63253,101237,78920,102590,290958,253747,256678,134576,82377,59911,53923
LAVO,Lassen Volcanic NP,8646,6561,7944,12477,25170,63803,105535,98109,75502,88428,12879,11985,10770,11655,6933,0,3108,83355,135668,120113,67992,72363,16947,13371
LABE,Lava Beds NM,2394,3453,3762,6471,10068,12909,19440,16869,14139,10458,5860,3807,1125,3453,5553,3243,3819,11877,26688,21591,11892,10290,5730,5997
LYBA,LBJ Memorial Grove on the Potomac,16200,7425,16200,16875,18900,27000,27000,19799,21694,27136,26325,19692,16200,7425,16200,4740,4791,21437,28289,23664,23105,24465,24037,16875
LEWI,Lewis & Clark NHP,10818,7841,19314,19503,25824,37895,42651,40982,21485,22874,13438,8368,9984,10440,10452,1571,2129,12644,26659,29991,18737,18043,12014,8567
LIBO,Lincoln Boyhood NMEM,37,1123,2383,4782,11453,28179,60560,7913,18719,1724,1492,349,115,1479,4936,1676,3828,24871,47775,6804,14174,2028,1546,1460
LIHO,Lincoln Home NHS,176,4841,12126,24994,36577,24601,29314,22486,14272,16983,7617,3829,3294,5228,3686,950,1025,1900,1950,2061,1900,2000,1900,1850
LINC,Lincoln Memorial,262421,317312,632384,949707,919307,835584,849280,765163,583200,648384,593472,451968,387392,350699,264171,9920,7797,24128,324939,307168,332459,358944,282581,329877
LIBI,Little Bighorn Battlefield NM,0,300,2837,7315,33060,61009,45953,37714,33720,15368,2605,1423,640,430,750,0,0,7820,26068,22028,24721,10003,3251,1750
LIRI,Little River Canyon NPRES,25235,39220,54924,57552,81555,75544,80614,58004,55090,41284,38498,42466,26883,49367,65790,57378,99996,83984,101283,80196,63980,69140,68922,35457
CHSC,Little Rock Central High School NHS,1704,10758,13502,11136,21234,16339,17368,14386,16843,18133,15253,12262,13903,13404,11974,0,0,702,3631,3194,5550,6589,4746,4804
LONG,Longfellow House Washington's HQ NHS,620,851,1295,2305,5054,9337,8219,8335,8660,6296,2237,1803,738,810,1200,1300,2325,2250,5208,5208,5130,3565,1350,5130
LOWE,Lowell NHP,1440,35507,25109,24685,33952,30219,190450,52149,16228,19620,44091,8086,13225,29691,7729,0,0,0,699,1008,919,429,182,72
LYJO,Lyndon B. Johnson NHP,922,9290,18351,15338,9202,9597,9905,5462,5544,8675,9205,10481,7148,8611,9696,450,800,3328,4220,4448,4528,5982,6370,5939
MAWA,Maggie L. Walker NHS,135,917,1080,1246,876,825,1001,908,416,1135,646,417,444,1086,0,0,0,0,39,66,78,46,47,43
MACA,Mammoth Cave NP,3651,10346,45779,55210,53461,76995,102436,72400,43525,48713,22247,16827,14165,9992,25860,8441,12208,32448,40736,38030,30167,36532,26625,15188
MANA,Manassas NBP,2955,23241,35516,63988,47060,55288,52170,38681,72540,47330,39415,32243,24581,31138,41343,63292,50537,49775,59306,54260,33627,61679,50207,38291
MAPR,Manhattan Project NHP,405,2690,4930,6889,9358,10875,11624,9473,8055,8416,4766,2389,2898,3783,1256,0,0,569,569,530,620,96,564,507
MANZ,Manzanar NHS,3202,3928,7762,11448,9724,10706,11160,10760,9342,9696,5800,3852,4760,5844,9520,375,554,4180,3486,11521,5713,7790,6243,5305
MABI,Marsh-Billings-Rockefeller NHP,1356,1604,1748,1489,3275,5663,6661,7104,6076,7341,2092,1570,1514,1525,1505,1500,1500,2000,2762,2249,2483,3000,1500,2000
MLKM,"Martin Luther King, Jr. Memorial",98485,115573,372448,519424,501440,459701,397323,326336,272651,276480,208928,118773,138219,131403,156469,9675,7808,12715,81291,153579,109077,116512,85920,81003
MALU,"Martin Luther King, Jr. NHP",43730,83166,47301,61204,62300,62550,85000,72349,42500,62550,71000,68000,71750,89759,31400,0,0,0,0,0,0,0,0,0
MAVA,Martin Van Buren NHS,100,150,150,474,1555,3535,4472,3896,2433,2689,583,586,300,400,600,1000,1500,1500,1357,1530,1479,1393,301,120
MABE,Mary McLeod Bethune Council House NHS,1,209,461,334,215,596,714,549,209,249,119,132,81,440,57,0,0,0,0,0,0,0,0,0
MEVE,Mesa Verde NP,95,3414,14992,32428,60665,108231,113166,87133,70865,47270,10201,7743,6872,7422,10193,0,3029,48110,49824,56923,44557,37794,13803,8950
MIIN,Minidoka NHS,0,57,588,391,613,2920,4264,3464,856,430,32,32,137,580,253,335,431,519,540,421,1375,876,1165,115
MIMA,Minute Man NHP,37648,27742,50337,124123,120867,110580,117180,106075,93288,122114,55468,51904,38780,26938,68669,115572,121245,110248,102913,111437,109793,128383,90548,59447
MIMI,Minuteman Missile NHS,32,299,1062,3084,8182,18422,36912,25404,21657,8992,974,756,446,524,1353,2818,3587,7097,19087,19665,17647,11058,1882,13744
MISS,Mississippi NRRA,14748,23989,28378,24273,44731,39590,50597,44205,32300,22234,26417,23220,25998,27629,16333,12000,12000,17741,18856,20200,15183,14030,12723,12014
MNRR,Missouri NRR,3772,4269,5276,11933,10764,13746,12084,12303,29816,11367,7608,6342,4265,4580,4338,4656,6923,11601,12822,16225,12933,12992,13284,6983
MOJA,Mojave NPRES,50479,51962,71407,74705,66365,66780,59659,74117,66019,67706,90706,101611,72830,68386,54742,17179,35443,40356,46469,37301,48374,66473,68232,52848
MONO,Monocacy NB,5948,1940,10662,11873,14266,18238,16381,15657,21023,13115,7175,8691,6756,5767,8848,11189,17913,17528,18162,7860,14770,20908,14959,10456
MOCA,Montezuma Castle NM,4384,25480,54163,46903,39896,30264,27784,25385,28743,38844,30443,23965,26059,34765,24928,0,0,14959,17774,14490,22464,33805,30273,22511
MOCR,Moores Creek NB,480,10722,5290,6425,6554,9752,8813,5600,4826,7503,5839,5202,5342,12206,4671,4283,4045,5570,4253,4854,3658,4646,2968,2292
MORR,Morristown NHP,628,14567,15397,28313,25772,27103,34704,25948,35543,28944,20415,13996,13617,31426,24115,0,20,13528,19421,19445,42909,35279,40802,21799
MORA,Mount Rainier NP,12933,11743,32101,29632,106136,219641,365200,378305,184166,74355,48248,39161,12164,6783,29088,98,4900,105540,277865,345496,192537,101916,36523,42198
MORU,Mount Rushmore NMEM,19351,17547,34485,46477,146918,379108,522324,414171,265281,77952,22084,17842,16780,25594,28015,31397,127583,305101,545802,481694,315414,126225,40318,31063
MUWO,Muir Woods NM,28031,37291,65398,74260,70917,93142,114799,102318,71198,53531,52380,48808,52113,46644,23981,0,0,2332,45179,39258,22327,28597,35195,28606
NATC,Natchez NHP,6198,9648,26436,23695,21049,16320,12391,11956,13929,19292,12843,8366,7791,11174,4974,0,0,916,1392,9184,0,5397,4460,4978
NATR,Natchez Trace PKWY,485642,472579,550701,560343,540971,562198,578598,536957,562171,518106,469752,458023,484943,476113,549025,439895,417312,561597,572079,540656,564692,503479,472421,698216
NCPC,National Capital Parks Central,26238,33155,121529,281321,230716,232642,263293,210571,152511,119132,60935,38751,33703,40852,34278,0,0,4451,161121,95000,164139,69298,26316,36492
NCPE,National Capital Parks East,14700,59754,74008,118521,134545,136972,135544,150013,134372,122691,72375,57146,66410,61982,66197,51450,54400,72940,133690,117990,95540,70463,28963,32372
NPSA,National Park of American Samoa,792,3772,7152,7452,7772,3464,4059,4650,3933,6900,8456,1604,2869,564,327,120,120,120,120,120,100,97,116,149
NABR,Natural Bridges NM,1051,895,5151,12159,16264,10677,7389,6673,12623,11138,3117,953,890,1328,4581,0,3384,4967,4773,3498,9894,13613,3941,1673
NAVA,Navajo NM,113,1397,3283,6052,5896,6230,6121,5939,6200,5215,2281,1256,978,1226,1781,0,0,0,0,0,0,0,0,0
NEBE,New Bedford Whaling NHP,3853,5903,7656,10776,12236,15416,21808,22492,13657,13748,7976,7906,6409,5437,323,0,0,0,1073,2223,2379,274,85,40
JAZZ,New Orleans Jazz NHP,400,3802,4845,4385,3355,4186,3173,3131,2647,3591,3416,4118,4244,3752,1644,0,0,0,0,0,0,0,0,0
NERI,New River Gorge NP & PRES,24106,28671,50675,95271,111068,177984,190138,157725,113614,158930,56165,31374,30180,31358,56577,52875,109036,155085,170593,145611,108306,111263,50939,32551
NEPE,Nez Perce NHP,6170,12537,6020,14958,20960,20787,24610,24426,24890,19582,19214,21914,19807,21938,22078,22794,26096,28298,34815,30265,29869,27027,20269,18221
NICO,Nicodemus NHS,7,42,126,189,285,677,941,434,258,369,104,108,78,99,0,0,0,448,614,362,292,40,25,20
NISI,Ninety Six NHS,4278,4672,8167,11488,10806,8717,8132,9216,8751,9145,7797,6126,5562,5566,9311,9962,8355,7203,8383,8745,8654,10182,7754,5742
NIOB,Niobrara NSR,790,440,1344,1465,5669,9899,18345,13219,6941,1719,622,359,820,442,1518,1647,8146,16801,33489,25080,12163,1698,575,387
NOAT,Noatak NPRES,898,895,764,808,978,1398,1750,1720,1538,1787,2669,2011,1002,933,267,280,343,490,613,600,1538,1787,2669,2011
NOCA,North Cascades NP,9,0,26,44,1241,4520,10656,12576,8581,373,101,81,2,2,19,0,0,1548,6260,16181,5023,1830,18,2
OBRI,Obed W&SR,10598,13220,21119,18597,18799,21395,24113,24090,16830,15828,18330,18382,10953,13203,18350,22216,30360,21261,23169,24066,17093,17175,19695,20298
OCMU,Ocmulgee Mounds NHP,2601,7754,15866,15623,12824,11373,9642,10331,28184,11079,14163,7485,8496,9006,7740,131,0,1077,993,1041,4794,8901,11391,7734
OLYM,Olympic NP,72725,73756,113720,159983,307426,499728,517058,737996,399907,182944,108204,72359,74888,76248,116314,40297,66013,186034,510073,719170,334249,188318,107430,80143
ORCA,Oregon Caves NM & PRES,567,945,2975,3838,8388,8077,9729,8566,5464,10344,3885,2228,1242,1242,1150,1400,1900,3770,5590,5070,72,624,297,432
ORPI,Organ Pipe Cactus NM,32892,32886,41890,17564,17723,16421,15255,14918,14109,19594,19161,20773,31343,36591,26593,8255,4256,9419,6541,10969,8784,14866,17062,16833
OZAR,Ozark NSR,17725,20350,47241,66417,93998,168258,266730,243155,132415,72543,63531,29126,17878,18985,46469,65010,95458,202676,282315,263305,156185,77367,62471,28676
PAIS,Padre Island NS,23234,31502,45111,55392,54426,78287,90626,64235,36250,37707,26445,33084,36862,31637,42814,35535,97368,92676,47502,52848,55694,52383,37015,35370
PAAL,Palo Alto Battlefield NHP,10804,10433,16744,6538,9254,27911,26494,8856,8612,10042,8134,5911,16536,16676,11450,0,0,4569,3608,6864,8458,13336,7933,8430
PAGR,Paterson Great Falls NHP,6564,11456,10610,15608,13691,40051,42046,46204,51278,19210,15058,5209,7638,8376,9289,1148,4335,54720,77296,81572,33278,29184,20966,11966
PERI,Pea Ridge NMP,3100,4679,10378,7822,12153,10564,12320,11040,9418,9278,7127,4874,2989,4930,9228,4775,8230,8575,11171,7776,7605,7627,5302,2247
PERL,Pearl Harbor NMEM,127852,122379,144685,139925,137527,150832,159687,147461,144656,149796,136920,154815,148469,136379,48467,0,0,1120,8032,4227,220,8567,23809,36252
PECO,Pecos NHP,112,1309,3503,4010,4861,5173,6017,4628,4539,4811,2380,2491,1421,1688,2791,2205,3853,3950,4380,3530,4032,4028,2554,2263
PAAV,Pennsylvania Avenue NHS,4182,5004,12556,13911,13366,13458,13817,11848,9922,12367,9588,5016,6516,6530,2852,0,0,0,0,0,0,0,0,0
PEVI,Perry's Victory & Intl. Peace MEM,696,666,938,1374,9423,26722,25719,31540,16910,4789,1290,1258,1167,1015,1353,1466,1771,8930,5995,7088,6709,2145,1600,1230
PETE,Petersburg NB,9582,13288,25056,17743,21274,28860,24265,20797,20184,22672,16718,15252,4385,5654,6396,4247,4994,9065,24770,29257,17960,14615,16159,15379
PEFO,Petrified Forest NP,15341,21342,55187,56567,72802,95451,90546,62276,52525,57019,32092,32440,26608,29078,45816,0,900,40780,46925,41460,36854,48509,36562,30991
PETR,Petroglyph NM,14959,18281,32242,32752,27970,26325,21602,19467,20587,36133,22300,21339,24385,26673,45987,39251,35555,26506,22309,23300,26745,33859,28538,23384
PIRO,Pictured Rocks NL,18635,20092,18510,9860,43944,116857,211480,212635,128718,60334,5637,12013,17815,20034,8163,12834,48959,102861,312555,329699,199403,133795,15619,10514
PINN,Pinnacles NP,1154,11735,24681,16234,19398,19061,13016,16795,14165,14084,14786,12115,23959,22021,18537,1635,4640,10364,10508,8526,5850,15722,23139,20839
PISP,Pipe Spring NM,114,706,2628,3371,3463,3605,3157,3163,3173,2901,851,350,658,1015,1050,0,0,0,1303,1258,0,2060,1161,707
PIPE,Pipestone NM,2,250,1178,2458,10072,13185,16752,16235,8928,6250,1448,750,513,1103,2040,2443,4121,5773,6592,6531,4416,2618,1427,654
PISC,Piscataway Park,4584,14036,23060,22510,29192,32185,38905,43665,38702,47036,22684,13170,13001,10534,6413,7184,9342,10980,12581,16158,15978,22694,18468,23154
PORE,Point Reyes NS,151683,164704,137162,231762,215032,223966,234944,239426,214052,133226,162712,156632,135994,165759,96576,28749,48314,247290,368186,269293,193828,238092,227161,233182
POCH,Port Chicago Naval Magazine NMEM,15,77,0,47,62,0,322,121,6,32,89,59,70,0,0,0,0,0,0,0,0,0,0,0
WICL,President W.J. Clinton Birthplace Home NHS,43,303,1205,757,974,1011,1185,810,534,732,538,666,332,475,468,0,64,312,438,365,404,517,446,234
PRPA,President's Park,4199,23648,58293,157213,65890,65883,73459,57857,42048,83608,43545,40268,23994,24400,24846,6000,6200,7500,7800,18808,13025,12361,11663,212936
PRWI,Prince William Forest Park,10172,13515,24339,28683,35606,38491,46993,33056,34992,33554,24402,15890,18252,17217,24930,284,29546,28423,35810,37590,40258,41086,36778,23729
PUHO,Pu'uhonua o Honaunau NHP,3767,38282,40367,38050,36695,40720,40573,35051,35197,36543,34560,34605,44599,44779,17847,40,90,97,1491,1322,152,1936,7822,10670
PUHE,Pu'ukohola Heiau NHS,5620,14122,12879,12494,11663,9857,10789,11845,9684,11269,10728,12623,8313,6780,3490,0,0,768,776,685,941,519,742,956
RABR,Rainbow Bridge NM,0,99,3945,7920,7920,18994,32104,19134,16394,7300,1253,45,368,400,550,50,10,150,200,750,600,200,250,45
REDW,Redwood NP,17129,17768,30938,33179,62796,76137,69750,55227,55568,42048,24430,19752,24128,21201,9079,5212,25258,29408,39126,38488,21343,21833,15981,14120
RICH,Richmond NBP,10099,12905,14733,18381,18529,21371,20415,20383,19541,16283,12129,12473,12549,13332,21645,17716,16540,9124,14608,15937,12266,20335,12269,13277
RIGR,Rio Grande W&SR,6,54,194,7,0,0,0,3,34,10,14,2,30,42,13,0,0,0,0,0,0,0,23,18
RIRA,River Raisin NBP,16693,12619,16607,18343,22929,24148,23827,28671,19473,18170,12428,12446,13792,14296,17283,25433,31197,34929,70163,30250,22505,18282,16775,15072
ROCR,Rock Creek Park,130686,126438,181709,187505,207784,269196,296541,293243,246054,205315,157363,114398,120942,111265,119665,127362,148329,190761,212898,213772,164935,155392,104535,98296
ROMO,Rocky Mountain NP,118152,99873,146414,160259,280351,698224,973992,830039,752320,374003,123376,113050,126866,110667,97690,0,63051,491355,723478,580368,500019,297665,157875,156165
ROWI,Roger Williams NMEM,116,1634,2206,4717,5156,8622,9211,8918,6317,7254,3522,1746,2976,3272,2159,480,590,810,1049,761,864,690,320,0
RORI,Rosie The Riveter WWII Home Front NHP,263,4372,5547,5833,4712,5102,4669,5580,3700,3294,4042,3290,3252,4424,1637,0,0,0,0,0,0,61,129,25
ROLA,Ross Lake NRA,6300,7010,8326,46236,126804,125822,380438,161783,108316,77083,27716,12694,8037,5708,8948,0,13650,150422,223757,218926,138272,127817,15950,9041
RUCA,Russell Cave NM,194,1088,1739,1530,2234,1777,1705,1085,1240,2021,1315,714,1011,701,1553,62,0,39,1705,656,524,670,608,933
SAHI,Sagamore Hill NHS,135,1952,1987,3071,4363,3551,5429,4436,4325,4101,1967,1421,1565,2474,0,0,0,0,0,0,0,4101,1967,1421
SAGU,Saguaro NP,48968,149371,186275,117802,75838,49481,48553,51309,44812,64529,87053,96235,124069,146224,98901,22820,22300,20362,25649,24301,23934,37950,52377,163339
SACR,Saint Croix Island IHS,,,,,1052,1644,2671,2657,2251,1338,0,0,,,,,75,133,1704,2086,1542,1375,0,0
SACN,Saint Croix NSR,609,151,211,24746,84689,128517,159457,139884,81626,14345,3588,435,609,151,329,19095,90313,169750,188709,161747,114992,48904,3588,435
SAPA,Saint Paul's Church NHS,160,2025,1975,1160,2365,2170,1320,930,910,2777,1465,1280,1265,2005,1260,0,0,0,0,78,425,375,350,210
SAGA,Saint-Gaudens NHP,195,253,260,385,1366,4510,5870,8303,5340,4545,510,222,254,274,80,320,310,375,1613,3142,3162,2906,600,250
SAMA,Salem Maritime NHS,422,4402,7891,14802,20634,36138,45454,40384,36971,113216,14074,4850,4084,5723,2383,0,0,0,9735,12066,7806,27850,6042,1989
SAPU,Salinas Pueblo Missions NM,419,2032,2569,2850,3707,3428,3050,2907,2599,4092,2144,1875,2016,2199,1829,0,1505,2930,3021,2697,3247,3718,1554,2266
SARI,Salt River Bay NHP & Ecological Pres,436,404,683,540,584,592,690,415,142,171,292,266,491,643,107,0,44,296,362,263,40,72,212,174
SAAN,San Antonio Missions NHP,98469,92155,131454,106123,73066,156241,78215,141464,106664,108959,88251,100060,85033,102213,74143,85206,90586,98368,136665,101728,99737,90261,81455,95958
SAFR,San Francisco Maritime NHP,34396,264354,290964,365334,358395,378036,562111,553994,329370,322157,279830,277657,205707,269585,110130,75000,100005,150005,175005,175547,175705,175956,151546,150910
SAJH,San Juan Island NHP,7223,7026,12773,18772,26002,52473,47112,36769,13536,27989,12982,29850,10616,25019,11702,17550,22041,29141,76267,67294,55754,43147,31646,36161
SAJU,San Juan NHS,131145,114584,144548,110758,87622,105643,96896,89465,45912,68492,77511,124769,89378,94789,74466,3561,2906,9050,16770,15400,7800,10975,12495,19510
SAND,Sand Creek Massacre NHS,55,154,285,387,577,864,837,671,799,534,408,130,138,113,171,100,258,437,694,544,648,556,434,122
SAMO,Santa Monica Mountains NRA,50606,54601,71201,75278,84594,69118,58938,54930,50474,54416,46000,37410,81385,62760,46401,0,49181,69538,90349,56167,61274,62938,81811,71772
SARA,Saratoga NHP,3165,6036,6545,7100,11647,17898,35516,24443,10259,9764,6130,6615,799,2398,1772,3530,3715,10215,14748,12333,8195,8080,5840,2200
SAIR,Saugus Iron Works NHS,150,372,481,534,375,1342,1195,1434,1230,1037,0,0,0,0,0,0,0,0,0,0,0,0,0,0
SCBL,Scotts Bluff NM,1868,1869,6421,8470,15616,26314,33926,28917,21467,11050,3912,6177,7825,6288,10909,16184,18536,23048,27149,24818,20159,12733,8404,5847
SEQU,Sequoia NP,36024,28737,63343,93054,119816,153882,193633,190139,144639,118187,59502,45097,46368,48821,16625,0,0,52901,194892,187702,88313,65370,66044,29050
SHEN,Shenandoah NP,20245,10264,38601,102672,150297,170492,167335,195579,176271,236554,127014,30183,27236,35473,133333,11514,46903,180311,244677,222592,202101,365398,152674,44054
SHIL,Shiloh NMP,20632,21315,29570,42490,26862,36093,40073,31208,25924,28329,37451,21042,41412,18359,32931,27044,34255,26347,31756,26575,28704,43232,30934,45334
SITK,Sitka NHP,310,4169,5819,4534,29048,45134,51359,47134,31386,6476,4408,3099,3713,2136,5812,10761,15316,15180,15717,15402,12973,4125,6580,7779
SLBE,Sleeping Bear Dunes NL,10663,11830,23057,31584,73147,200494,499376,397417,187498,105630,16318,12987,13049,18726,31178,30776,53678,192016,592404,490098,146543,87831,41641,20756
SPAR,Springfield Armory NHS,56,981,1277,1316,1448,2744,3203,2660,2698,2247,1382,967,823,141,0,0,0,0,3,20,18,27,0,967
STLI,Statue of Liberty NM,155691,154755,279547,397540,421176,487809,567256,541258,359037,350174,253489,272729,165154,163488,80390,0,0,0,5878,24826,37174,37259,30937,31290
STEA,Steamtown NHS,1091,2950,4542,7264,10066,13036,15712,16327,11206,10454,7493,5262,2224,4403,1665,0,0,0,2375,4476,3650,3434,3379,1716
STRI,Stones River NB,5865,16279,23348,30843,24830,27984,27007,29132,27172,34706,21261,16089,15753,12762,13180,1413,25262,32836,31320,30824,36207,41229,34289,26195
STON,Stonewall NM,,,,,12118,2023362,18660,24560,5000,5229,0,0,,,,,0,0,0,0,0,0,0,0
SUCR,Sunset Crater Volcano NM,564,2469,11628,13274,12087,14393,14493,10855,11881,10378,2852,3505,3500,5482,6553,158,0,9444,14649,8991,9101,12558,7088,6145
TAPR,Tallgrass Prairie NPRES,245,379,1447,2455,3462,5677,4822,3820,4254,4225,2137,827,664,880,1345,953,2061,4051,4812,4216,3709,3091,1864,1363
THKO,Thaddeus Kosciuszko NMEM,,,,,309,266,339,368,322,317,0,0,,,,,0,0,0,0,0,0,0,0
THRB,Theodore Roosevelt Birthplace NHS,189,2013,2907,2393,2666,2330,2677,2702,1793,2282,1988,2038,1937,1737,1310,0,0,0,0,0,0,0,0,0
THRI,Theodore Roosevelt Inaugural NHS,1349,1304,1686,1879,2455,3089,3189,2803,2787,2190,1704,2559,1422,1283,522,0,0,0,135,341,363,441,1704,2559
THIS,Theodore Roosevelt Island,10000,6500,10500,15500,10000,13000,13500,14000,15500,15500,15000,12500,10000,6500,10500,2150,4305,11554,14976,18916,20998,20434,18718,14548
THRO,Theodore Roosevelt NP,2515,1187,5935,10516,75682,134590,149425,135584,110576,46043,17086,2519,2103,4190,12204,3278,19618,106279,124698,118836,87640,50212,15371,6874
EDIS,Thomas Edison NHP,1957,1957,2560,3295,3408,4792,5067,6102,2603,3106,4197,3180,2163,2053,617,0,0,0,0,353,568,688,757,395
JEFM,Thomas Jefferson MEM,80693,109440,325557,535787,418507,384277,306699,238069,215424,235541,147605,99296,71200,72885,149611,5237,5237,13173,73998,130477,87333,96716,71052,75707
THST,Thomas Stone NHS,108,167,352,1137,786,695,594,539,1493,1053,568,528,93,87,90,90,130,120,175,155,270,316,475,350
TICA,Timpanogos Cave NM,430,455,869,2787,4543,15220,28600,22965,17815,8083,834,911,292,415,3858,9031,13160,15886,16370,12449,11691,6724,1839,766
TIMU,Timucuan EHP,69470,78119,116813,117529,132210,128431,141200,85058,72852,94523,90214,78646,83514,80782,79118,54609,93295,106790,117344,86446,67758,96815,80708,70194
TONT,Tonto NM,467,4437,8322,4354,2593,965,0,86,1212,2009,2081,2327,3698,4979,4431,0,0,966,1383,1002,1333,2018,2269,2677
TUMA,Tumacacori NHP,752,5037,6231,4548,3427,1499,1231,1245,1683,2646,3169,8236,4727,5481,3843,668,829,739,661,533,751,1205,2099,2190
TUAI,Tuskegee Airmen NHS,126,2391,3801,3351,3181,3195,3610,1814,2073,2171,3217,1167,1575,3358,1327,0,0,0,0,25,40,227,181,110
TUIN,Tuskegee Institute NHS,423,3380,6654,7149,1774,3009,3918,1256,1546,3849,2576,861,889,2370,776,60,50,30,30,25,44,213,161,90
TUZI,Tuzigoot NM,1234,7253,14716,12329,10477,6924,6607,5638,7128,10453,8955,6824,8263,9859,6963,0,0,4857,5808,5324,7312,11519,10447,8007
ULSG,Ulysses S. Grant NHS,87,1338,2529,3238,5491,5418,5886,4872,3184,3277,2350,1779,1225,1877,1458,0,0,850,2357,1974,1539,1826,1208,922
UPDE,Upper Delaware S&RR,2463,4254,5224,5705,22313,27979,54306,49557,30406,8998,2003,2329,5878,4382,4241,7790,22803,32009,63018,54230,35405,11636,5382,3424
VAFO,Valley Forge NHP,30701,55154,168632,159434,190681,218531,346020,355046,232761,247953,149850,105181,71249,118088,172495,60000,100000,225000,160000,195000,250000,250000,250000,161000
VAMA,Vanderbilt Mansion NHS,160,22763,24580,27359,37694,30354,36813,37928,32632,43203,20817,12519,12662,25936,11094,3107,13135,11152,14295,10723,31082,38138,26120,19787
VICK,Vicksburg NMP,38900,35128,51942,57040,60368,68528,49592,41572,40908,30800,53758,47920,33543,23343,33358,3325,3188,3634,15950,13965,10283,8763,13208,13680
VIVE,Vietnam Veterans MEM,113056,141856,360480,567307,635915,588043,442837,409536,314635,467861,338144,200917,144661,154709,167435,5835,6795,13003,173653,159571,187073,253327,178054,141409
VIIS,Virgin Islands NP,350,5753,5583,13680,10437,10047,8191,18599,7376,13496,16768,23118,29635,34404,16256,10552,0,3645,13639,14901,4072,8740,13455,18241
VOYA,Voyageurs NP,4458,7602,3214,213,28198,47387,52031,50586,25517,11047,2472,249,2585,5316,2149,0,29681,53895,62161,61797,31408,11601,2479,19
WACO,Waco Mammoth NM,4845,6623,19524,9966,12217,12717,11247,6120,5025,9075,7076,6896,5933,7249,6632,0,522,1868,2293,3185,4381,5477,4914,4003
WACA,Walnut Canyon NM,362,6467,19531,18723,12429,17327,18238,13506,13837,16227,11808,3878,7788,6515,6760,0,1740,10336,13485,10585,10875,18357,9005,11977
WAPA,War in the Pacific NHP,34289,34313,38176,34069,39562,34521,40087,35205,34966,33713,34119,39193,43440,40849,23388,17837,27785,27540,26728,19039,17580,23799,25417,25309
WAMO,Washington Monument,0,0,0,0,0,0,0,0,16208,26627,31568,34007,33980,30288,14305,0,0,0,0,0,0,1909,1825,1278
WABA,Washita Battlefield NHS,286,391,1071,895,808,1138,1049,753,663,875,779,411,361,866,611,966,563,919,1626,1436,1575,1586,1071,943
WEFA,Weir Farm NHS,930,800,1156,2510,4972,5404,5079,6197,4180,5297,1150,1025,1130,920,2337,2300,310,1929,2247,2497,2985,3595,2690,2490
WHIS,Whiskeytown NRA,21107,26275,54862,65872,62060,100366,119342,100506,43462,39514,31986,21807,30460,29661,42285,104968,57075,122438,141644,87777,68057,56696,32482,31753
WHHO,White House,1101,16967,43263,81889,41624,41176,45456,25502,31923,44966,30824,49426,17231,24866,13837,0,0,0,0,0,3746,21698,1480,31661
WHSA,White Sands NP,4693,35531,83712,62811,64344,62127,66363,48510,43009,50053,38575,49057,40264,41823,48402,0,0,1449,43251,45384,48269,57660,42232,46649
WHMI,Whitman Mission NHS,585,956,2746,5203,7617,7270,5696,4917,5395,4440,2324,1332,1564,2421,2331,90,1773,4806,5649,3945,3831,4827,2850,846
WIHO,William Howard Taft NHS,86,1199,2148,2509,3420,4296,4919,3726,3205,2897,2018,1973,1701,1747,824,90,93,801,1138,1203,1082,1346,540,535
WICR,Wilson's Creek NB,7964,6743,11996,18162,19988,23302,25600,47190,27678,26524,7297,10394,10230,8096,13361,14625,13845,35318,27296,49167,42108,29387,16185,27643
WICA,Wind Cave NP,11431,14127,21375,54922,48780,125106,146531,92237,55196,23537,10950,11158,13641,11687,13942,29214,36878,55498,89098,80890,67635,23939,11652,14331
WOTR,Wolf Trap NP for the Performing Arts,560,1314,553,910,33445,67886,127291,125568,36991,878,893,6291,468,851,406,1707,3041,1943,4283,5053,2502,2197,4239,3383
WORI,Women's Rights NHP,13,473,1759,1900,3458,5247,8863,5821,3935,4493,1551,1551,858,771,943,0,0,0,15,1509,2201,1537,241,162
WWII,World War II Memorial,104224,137856,341941,624907,664853,611893,513557,476704,417515,395573,324405,217899,170155,147712,188128,6443,7829,12576,188789,254613,268373,285707,197131,196672
WRST,Wrangell-St. Elias NP & PRES,25,95,230,520,4572,16445,23372,20779,7855,530,60,35,25,95,230,520,283,70,5410,6077,3320,530,60,35
WRBR,Wright Brothers NMEM,1277,7318,22091,44568,48488,57921,68666,63836,27828,30051,16697,11394,8213,9054,9953,1183,12909,34545,44768,42229,42019,38649,20608,13833
WUPA,Wupatki NM,724,4243,17447,14767,14117,27113,26993,24528,24543,15377,9772,7435,6713,9374,8656,0,0,17432,19276,22804,24198,17215,12067,8339
YELL,Yellowstone NP,33896,31650,28695,48150,434385,781853,936062,820006,693118,171339,15628,25506,25234,41880,32516,0,46219,573205,955645,881829,837114,359889,24132,28643
YOSE,Yosemite NP,116746,111665,173610,297207,393004,496625,717462,703153,584664,448939,230598,149188,132742,167778,92324,0,0,236534,501068,375226,258561,249827,136799,117454
YUCH,Yukon-Charley Rivers NPRES,6,72,46,37,14,182,354,246,157,0,0,0,0,27,13,11,25,72,149,164,88,89,8,20
ZION,Zion NP,98828,102269,296316,372349,529553,594896,629802,535322,497443,429604,230180,171706,126994,133718,207400,40396,178194,377425,449518,450183,520987,559342,319853,227244